method,seed,final_accuracy,best_accuracy,late_mean_accuracy,final_test_loss,mean_refresh_time,total_refresh_time,core_wall_time,diagnostic_seconds,wall_time,peak_cuda_memory_core,peak_cuda_memory_overall,peak_cuda_memory_allocated,peak_cuda_memory_reserved,preconditioner_state_bytes,first_moment_state_bytes,second_moment_state_bytes,temporal_state_bytes,optimizer_state_bytes,total_algorithm_state_bytes,late_aggregate_cosine,late_relative_distortion,late_clipping_shape_error,late_coefficient_cv,late_expected_noise_norm,late_actual_noise_norm,late_diagnostic_snr,late_update_norm,late_method_update_norm,late_method_clip_cosine,late_noise_degradation_method,late_cos_method_adam_current_noise_off,late_cos_method_adam_noisy
syn_diag,42,0.9018,0.9018,0.8855285714285713,0.4735160163283348,0.5258128769540539,12.619509046897292,63.52771710976958,970.3490952793509,1033.8768123891205,519717376,700535808,700535808,1092616192,827688,0,0,0,0,827688,0.4639157802634778,0.9994272035052968,0.8858793082514443,0.829501355209262,1.897935625156794,1.8979255713724448,0.025543102943117,0.1898626976193488,0.1898626976193488,0.4639157804514786,0.1112073962236928,0.1137973640967251,0.0027839233406317
syn_diag_beta1,42,0.9018,0.9018,0.8862714285714285,0.4668910967350006,0.5004055197350681,12.009732473641634,63.007847268134356,951.5521824816242,1014.5600297497585,521376256,702194688,702194688,1096810496,827688,827688,0,827688,0,1655376,0.4900436343385081,0.9993957223398182,0.8716979043303372,0.8262978793281148,1.897935625156794,1.8979255711653051,0.0252358962686089,0.0435719583685147,0.0435719583685147,0.4900436353552271,0.0011518896617306,0.0113797165232949,0.0104958049786189
syn_diag_beta2,42,0.9013,0.9013,0.8835857142857143,0.496002344596386,0.4995445339397217,11.98906881455332,61.33690059836954,919.3775947652757,980.7144953636453,521466880,701897216,701897216,1092616192,827688,0,1655376,1655376,0,2483064,0.4848518171211933,0.9996378394731984,0.8745963156668753,0.8633418251747784,1.897935625156794,1.897925571391728,0.0257331226554914,0.1898643633663997,0.1898643633663997,0.4848518164477705,0.1125430136054309,0.1162596002561889,0.002906021505694
syn_diag_beta12,42,0.9018,0.9018,0.8847285714285714,0.4912934483885765,0.5006860876067852,12.016466102562845,61.84735805541277,923.4525745538995,985.2999326093122,523125760,703556096,703556096,1094713344,827688,827688,1655376,2483064,0,3310752,0.4798307050699689,0.9996329678333522,0.8773610969455067,0.8611766354578596,1.897935625156794,1.8979255714352148,0.0256533309043389,0.0435744116609898,0.0435744116609898,0.4798307048385065,0.0011250762269462,0.0117373542239614,0.0106720347366349
dp_sgd_momentum,42,0.8973,0.8973,0.8858142857142857,0.4792065109014511,0.0,0.0,48.93479677289724,806.5959810893983,855.5307778622955,520547328,701365760,701365760,1017118720,0,827688,0,827688,0,827688,0.6291641232908224,0.993285885473588,0.7772724785621813,0.6620693144361681,1.897935625156794,1.8979255713183951,0.0223056931121282,0.043542775303645,0.043542775303645,0.6291641236284388,0.0006814940761876,0.0071541135778048,0.0064971155899483
dp_kfc_momentum,42,0.9441,0.9441,0.9324428571428571,0.3147574722610414,0.1434414426330477,3.442594623193145,67.63267612457275,934.051193639636,1001.6838697642088,1116627968,1116627968,1116627968,1593835520,10069164,827688,0,827688,0,10896852,0.4636625645732733,0.999861515346372,0.8860118657170506,0.6356314792792025,1.897935625156794,1.8979255712461816,0.0233151849994135,0.0436022831180331,0.0436022831180331,0.4636625636202304,0.0006953086738883,0.0068802281894307,0.0062683784036299
syn_diag,7,0.9083,0.9083,0.8929142857142857,0.43436217242479325,0.5011140106168265,12.026736254803836,61.662911714054644,936.1312986556441,997.7942103696987,519717376,700535808,700535808,1092616192,827688,0,0,0,0,827688,0.468921734629317,0.9994674830813648,0.8805918208929365,0.8251607276225397,1.897935625156794,1.8982045174497468,0.025579278253625,0.1898959527951001,0.1898959527951001,0.4689217350116763,0.0955314750029876,0.0985035605756311,0.0023957091002158
syn_diag_beta1,7,0.9099,0.9099,0.8942714285714287,0.4420760401368141,0.5008601337128008,12.02064320910722,62.03737378679216,934.5995926074684,996.6369663942605,521376256,702194688,702194688,1096810496,827688,827688,0,827688,0,1655376,0.4604036598693211,0.9994781785271658,0.8852481753352578,0.8064164857375252,1.897935625156794,1.8982045173268756,0.0253017869981462,0.0436049252359605,0.0436049252359605,0.4604036619284131,0.0009074004594969,0.0093978049009022,0.0085967500536223
syn_diag_beta2,7,0.9088,0.9088,0.8930857142857143,0.4657940116047859,0.5017732932853202,12.042559038847685,61.37627815641463,925.916185259819,987.2924634162337,521466880,701897216,701897216,1092616192,827688,0,1655376,1655376,0,2483064,0.4681620309423184,0.99972635176988,0.8836426385941292,0.8262676369077017,1.897935625156794,1.898204517558254,0.0251497391324471,0.1898895942486903,0.1898895942486903,0.468162026359679,0.0959376363867925,0.1004817886838935,0.0025117214130223
syn_diag_beta12,7,0.9096,0.9096,0.8946571428571428,0.46816599190235136,0.4993226670970519,11.983744010329247,61.81258743535727,929.9959981832653,991.8085856186226,523125760,703556096,703556096,1094713344,827688,827688,1655376,2483064,0,3310752,0.4832588780961022,0.9996593411861436,0.8754775021106961,0.8024369266446428,1.897935625156794,1.898204517394972,0.0249234605636653,0.0436006846815903,0.0436006846815903,0.4832588782558775,0.0009538563181379,0.0094476061830611,0.0086277476640269
dp_sgd_momentum,7,0.8993,0.8993,0.8904857142857142,0.46579135921001436,0.0,0.0,49.21491913776845,822.1556506101042,871.3705697478727,520547328,701365760,701365760,1017118720,0,827688,0,827688,0,827688,0.6206040064802696,0.993014231237338,0.784124140117927,0.6343254505145679,1.897935625156794,1.8982045173615052,0.0220831377263235,0.0435710194867503,0.0435710194867503,0.6206040059175074,0.0006518849017103,0.0057473592753463,0.0053057853730076
dp_kfc_momentum,7,0.9481,0.9481,0.9389714285714286,0.31610364399002866,0.1445223232343172,3.468535757623613,68.54021357558668,961.2745400248095,1029.8147536003962,1116627968,1116627968,1116627968,1593835520,10069164,827688,0,827688,0,10896852,0.4654538976724439,0.9998634780005586,0.8850721265031466,0.6029033220866634,1.897935625156794,1.8982045173036444,0.0221985619597519,0.0436158740565577,0.0436158740565577,0.4654538973647688,0.0005323756650521,0.0050949460205874,0.0045247029993196
syn_diag,91,0.899,0.899,0.8788428571428571,0.4870171262264252,0.5038866294004644,12.093279105611145,62.06952284555882,946.2868665745482,1008.356389420107,519717376,700535808,700535808,1092616192,827688,0,0,0,0,827688,0.5130471865100142,0.9992554147561512,0.8583604047156044,0.8491603034705067,1.897935625156794,1.8979775119712448,0.0257361296319369,0.189861887390888,0.189861887390888,0.5130471864271119,0.1200972691089549,0.1238666472668386,0.0031560920280055
syn_diag_beta1,91,0.8971,0.8971,0.8767571428571428,0.4917292677164078,0.5134083344213044,12.321800026111305,63.429280089214444,975.0152895869687,1038.4445696761832,521376256,702194688,702194688,1096810496,827688,827688,0,827688,0,1655376,0.5092554072834712,0.999275598305564,0.8606154368419648,0.8648924244781592,1.897935625156794,1.8979775121148563,0.0258187334059504,0.0435888568230251,0.0435888568230251,0.5092554072608737,0.0010415339009139,0.0108357669541843,0.0098508573412774
syn_diag_beta2,91,0.8986,0.8986,0.8768142857142858,0.5173934568166733,0.5128126949615156,12.307504679076374,62.15137177146971,945.3401611875743,1007.491532959044,521466880,701897216,701897216,1092616192,827688,0,1655376,1655376,0,2483064,0.5054555144046161,0.9996093743965304,0.8628526658262228,0.8838862204188824,1.897935625156794,1.8979775121693216,0.0258820629082027,0.1898624314484477,0.1898624314484477,0.5054555145543106,0.1194986186442753,0.124734646150618,0.0030032540819268
syn_diag_beta12,91,0.8955,0.8955,0.8763428571428572,0.5217652307987213,0.5126492752460763,12.30358260590583,62.86317805200815,942.9412086913362,1005.8043867433444,523125760,703556096,703556096,1094713344,827688,827688,1655376,2483064,0,3310752,0.5085214283443166,0.999606405998359,0.8610493347565474,0.8844001802534877,1.897935625156794,1.897977512170083,0.0258011776004143,0.0435875083768627,0.0435875083768627,0.5085214283622903,0.0010397349131092,0.0108928769989489,0.0099720669859743
dp_sgd_momentum,91,0.8932,0.8932,0.8825714285714287,0.49503438053131105,0.0,0.0,48.67384775634855,807.4149194145575,856.0887671709061,520547328,701365760,701365760,1017118720,0,827688,0,827688,0,827688,0.6123840437718916,0.9930612262036912,0.7905604233092445,0.6623632211930873,1.897935625156794,1.8979775122451037,0.0229640299839807,0.043556342468309,0.043556342468309,0.6123840464305892,0.000613743031185,0.0060712579670852,0.0056832177483329
dp_kfc_momentum,91,0.9447,0.9447,0.9328142857142856,0.30398416710235177,0.14756523767330995,3.5415657041594386,67.4904925338924,925.2994160475209,992.7899085814133,1116627968,1116627968,1116627968,1593835520,10069164,827688,0,827688,0,10896852,0.4561213993104961,0.9998669533469066,0.889917563071443,0.6600535189946826,1.897935625156794,1.897977512100508,0.0240629518690856,0.0436238358040691,0.0436238358040691,0.4561214009108708,0.0006301035909692,0.0069908445205481,0.006360921846823
