seed,method,config_fingerprint,step,layer,clean_clipped_norm,actual_noise_norm,noisy_gradient_norm,filtered_gradient_norm,relmse_noisy,relmse_filtered,cosine_noisy,cosine_filtered,signal_retention,noise_retention,snr_in,snr_out,snr_gain_db,mse_reduction,kappa,H_mean,H_std,H_min,H_max,H_q10,H_q25,H_q50,H_q75,H_q90,trace_A,trace_G,trace_F,lambdaF_mean,lambdaF_median,lambdaF_q10,lambdaF_q90,learning_rate,signal_amplitude_retention,effective_signal_lr,optimizer_update_norm,clean_reference_update_norm,update_to_clean_reference_ratio
42,dp_fisher_wiener,ebf86245849e2caa4d8a57f92d778fa0a1412b137d15b6f322654b1c385fdf57,0,conv1,0.02743677545545782,8.414774423671854,8.414852996324656,8.14305620969768e-05,94062.99830423968,1.0002647782695713,0.00449401677791516,-0.043122739182236275,3.3990690140017717e-10,9.371738494683163e-11,1.0631172902198439e-05,3.8552767776066756e-05,5.594743512992315,0.9999893660121801,1.4900602922426178,6.7567637842103074e-06,8.316788296927524e-06,9.727551741889329e-07,2.4669068807270378e-05,1.336542993612966e-06,1.4257598763833812e-06,2.3283872678803164e-06,5.647487455462397e-06,2.1822841881657932e-05,3.1443393230438232,0.00016066929674707353,0.0005051987827755511,3.157492168881504e-06,1.0880588661166257e-06,6.245679429639495e-07,1.0198045765719136e-05,0.5,1.843656425151327e-05,9.218282125756636e-06,4.07152810484884e-05,0.002743677545545782,0.01483967425390344
42,dp_fisher_wiener,ebf86245849e2caa4d8a57f92d778fa0a1412b137d15b6f322654b1c385fdf57,0,conv2,0.1220335190109345,46.553354266192315,46.55461842496435,0.0009956020453453956,145527.0368673731,0.999878762725707,0.01166961927800239,0.011509394605987208,4.087133105853169e-08,4.5773064301508045e-10,6.871575354373537e-06,0.0006135707809646527,19.508082938997834,0.9999931292577362,2.3280648161160666,2.949642273905308e-06,2.308853664802872e-05,1.88441813264717e-08,0.00028217010549269617,4.417268435474853e-08,7.157259496182178e-08,1.4132212555750812e-07,3.222417745973871e-07,1.737417881031434e-06,19.259838104248047,0.00033213189453817904,0.006396806333214045,1.3786223057256878e-06,6.603989533005006e-08,2.0641915376984345e-08,8.118974847093344e-07,0.5,0.00020216659234040547,0.00010108329617020274,0.0004978010226726978,0.012203351901093451,0.04079215502974239
42,dp_fisher_wiener,ebf86245849e2caa4d8a57f92d778fa0a1412b137d15b6f322654b1c385fdf57,0,fc1,0.42214772153515695,306.3290999472629,306.3297565163868,0.24465570940083464,526559.6915709171,1.4532371323850108,0.0022443462243324935,-0.10125005463478826,0.005455327089833289,6.974529206406145e-07,1.8991199212591236e-06,0.014854508521766285,38.93305669167547,0.9999972401284115,0.3004744558214059,5.557345844175057e-06,0.0007880831924475712,1.2825099315882937e-10,0.22269898653030396,2.114966562993814e-10,2.135501185607236e-10,2.139947247181695e-10,2.1444812939308555e-10,2.1843701569768116e-10,48.28453063964844,0.01228325068950653,0.5930910110473633,2.9531679974141197e-06,9.99998209239017e-11,9.883247761854896e-11,1.0207570760867313e-10,0.5,0.07386018609395247,0.03693009304697623,0.12232785470041732,0.0422147721535157,2.8977499689603787
42,dp_fisher_wiener,ebf86245849e2caa4d8a57f92d778fa0a1412b137d15b6f322654b1c385fdf57,0,fc2,0.13642323041494472,25.068343595047605,25.068797897051684,0.07232639339044394,33765.611481000036,0.9353123751929132,0.00605103923761211,0.3260883591064332,0.0005123966081379171,7.824780954532337e-06,2.9615930412187832e-05,0.0019393644852119547,18.16134042890452,0.9999722998537811,0.19350464009961055,0.00015411207158836542,0.0022791230574464726,2.1097437685746456e-10,0.05084105581045151,2.139657895305902e-10,2.1427293966924665e-10,1.6654396262083537e-07,1.691409678983291e-07,3.3396446781353005e-07,1.7126202583312988,0.05615962669253349,0.09618011116981506,7.455823577860141e-05,7.78260762501759e-08,9.998630395857688e-11,1.5606178891403033e-07,0.5,0.022636179185938538,0.011318089592969269,0.03616319669522197,0.013642323041494472,2.650809292711896
42,dp_fisher_wiener,ebf86245849e2caa4d8a57f92d778fa0a1412b137d15b6f322654b1c385fdf57,1,conv1,0.020627795921368645,8.797956359303104,8.792863973900317,9.83985710791793e-05,181910.5779065918,1.0036160318491958,-0.24576857134605876,-0.3766387798114704,3.111850100411174e-10,1.2551855545113153e-10,5.4972064250344365e-06,1.3627245637271503e-05,3.942659917915325,0.9999944829154885,0.8422545307683799,6.7567637842103074e-06,8.316788296927524e-06,9.727551741889329e-07,2.4669068807270378e-05,1.336542993612966e-06,1.4257598763833812e-06,2.3283872678803164e-06,5.647487455462397e-06,2.1822841881657932e-05,3.1443393230438232,0.00016066929674707353,0.0005051987827755511,3.157492168881504e-06,1.0880588661166257e-06,6.245679429639495e-07,1.0198045765719136e-05,0.5,1.7640436787140996e-05,8.820218393570498e-06,4.919928553958965e-05,0.0020627795921368645,0.02385096580520869
42,dp_fisher_wiener,ebf86245849e2caa4d8a57f92d778fa0a1412b137d15b6f322654b1c385fdf57,1,conv2,0.10861801750407012,47.44880837808779,47.44902944416262,0.0009894543230048452,190830.09943138337,1.0007040003097876,0.003179832566424478,-0.03408631666605544,2.6095164385307617e-08,4.3608436152603293e-10,5.240263474655935e-06,0.00031357555920058055,17.769890005512085,0.9999947560473778,1.8443381134445502,2.949642273905308e-06,2.308853664802872e-05,1.88441813264717e-08,0.00028217010549269617,4.417268435474853e-08,7.157259496182178e-08,1.4132212555750812e-07,3.222417745973871e-07,1.737417881031434e-06,19.259838104248047,0.00033213189453817904,0.006396806333214045,1.3786223057256878e-06,6.603989533005006e-08,2.0641915376984345e-08,8.118974847093344e-07,0.5,0.00016153997766902043,8.076998883451022e-05,0.0004947271615024226,0.010861801750407012,0.04554743060361388
42,dp_fisher_wiener,ebf86245849e2caa4d8a57f92d778fa0a1412b137d15b6f322654b1c385fdf57,1,fc1,0.38018848163478136,306.8801839751096,306.88127721398456,0.3926224460760139,651538.046559411,1.5790864444213133,0.003494952046996321,0.23597869386567882,0.0041918072195131295,1.4907705625656746e-06,1.5348297851120132e-06,0.004315694671943575,34.489902100584246,0.9999975763710918,0.24371180624076896,5.557345844175057e-06,0.0007880831924475712,1.2825099315882937e-10,0.22269898653030396,2.114966562993814e-10,2.135501185607236e-10,2.139947247181695e-10,2.1444812939308555e-10,2.1843701569768116e-10,48.28453063964844,0.01228325068950653,0.5930910110473633,2.9531679974141197e-06,9.99998209239017e-11,9.883247761854896e-11,1.0207570760867313e-10,0.5,0.0647441674555564,0.0323720837277782,0.19631122303800694,0.03801884816347814,5.163523686691406
42,dp_fisher_wiener,ebf86245849e2caa4d8a57f92d778fa0a1412b137d15b6f322654b1c385fdf57,1,fc2,0.15598349914456933,24.433615362702515,24.431924787809795,0.04130286205310028,24536.812748515866,1.171990298852117,-0.007646333403290325,-0.19237245687381718,0.0005019482802952083,3.104696421163495e-06,4.07550895141988e-05,0.0065890329712387655,22.086398187976307,0.9999522354304585,0.2529717600572583,0.00015411207158836542,0.0022791230574464726,2.1097437685746456e-10,0.05084105581045151,2.139657895305902e-10,2.1427293966924665e-10,1.6654396262083537e-07,1.691409678983291e-07,3.3396446781353005e-07,1.7126202583312988,0.05615962669253349,0.09618011116981506,7.455823577860141e-05,7.78260762501759e-08,9.998630395857688e-11,1.5606178891403033e-07,0.5,0.022404202290981223,0.011202101145490612,0.02065143102655014,0.015598349914456933,1.3239497215077818
42,dp_fisher_wiener,ebf86245849e2caa4d8a57f92d778fa0a1412b137d15b6f322654b1c385fdf57,2,conv1,0.034152910165798016,7.195590660528596,7.194532067654507,7.948429835544544e-05,44389.21521511262,1.0002726297589035,-0.028624433755517594,-0.05740847436016696,4.376099391018529e-10,1.22185459569183e-10,2.2527994565720558e-05,8.067176157609373e-05,5.53998993854348,0.9999774658636132,2.3069158832901815,6.762385007164085e-06,8.53092679595411e-06,9.051012739291764e-07,2.550369390519336e-05,1.2602619051449439e-06,1.3659856676895288e-06,2.2726087536284467e-06,5.508618528438092e-06,2.18959487028769e-05,3.148954391479492,0.00016056737513281405,0.0005056193331256509,3.1601206869069642e-06,1.0619934585065494e-06,5.88921628263961e-07,1.0232210388494411e-05,0.5,2.0919128545468927e-05,1.0459564272734464e-05,3.974214917772272e-05,0.0034152910165798018,0.01163653374577884
42,dp_fisher_wiener,ebf86245849e2caa4d8a57f92d778fa0a1412b137d15b6f322654b1c385fdf57,2,conv2,0.14778582108381896,46.470067182928126,46.47211168927005,0.0009374178650422548,98873.7629750661,0.9975638439344763,0.01542399651111957,0.1952040021391557,4.883553953061509e-08,4.0025641738061533e-10,1.0113906559886799e-05,0.0012340027311259895,20.86397141335612,0.9999899107324944,3.4230865043413115,2.942076957549942e-06,2.300617131283059e-05,1.6963271676218028e-08,0.00028387230122461915,4.14199156750783e-08,6.558220100316703e-08,1.3001744747498378e-07,3.179840817324475e-07,1.7027245235112794e-06,19.33205223083496,0.00033004238503053784,0.00638039642944932,1.3750852329006336e-06,6.075721614706708e-08,1.9355545077814897e-08,7.956852243751203e-07,0.5,0.00022098764565155014,0.00011049382282577507,0.0004687089325211274,0.014778582108381897,0.031715419588431056
42,dp_fisher_wiener,ebf86245849e2caa4d8a57f92d778fa0a1412b137d15b6f322654b1c385fdf57,2,fc1,0.35674271199068264,306.88244702127764,306.88305454644234,0.12274172234485096,740003.6773223459,1.056990403813012,0.002284212402472387,0.08921126882227456,0.001736126558587216,1.5873910475899132e-07,1.3513446360301559e-06,0.01477963048764731,40.38897132740324,0.9999985716416875,0.2714197155525508,4.521109592736942e-06,0.0006355819333801014,1.2664344573032338e-10,0.18943510949611664,2.11364786784074e-10,2.1351427570426296e-10,2.1399482186268415e-10,2.1445134557041e-10,2.1864590554754316e-10,47.05925750732422,0.00996377132833004,0.46888768672943115,2.3347248431594775e-06,9.999986949615902e-11,9.877085260789897e-11,1.0217332466200269e-10,0.5,0.04166685203596758,0.02083342601798379,0.06137086117242548,0.03567427119906826,1.7203115609074602
42,dp_fisher_wiener,ebf86245849e2caa4d8a57f92d778fa0a1412b137d15b6f322654b1c385fdf57,2,fc2,0.21010400241600108,24.63689417040195,24.63992636750065,0.19771354500628543,13750.017933944506,2.080620209253246,0.018694485236823204,-0.10365714036519656,0.004171187517329442,6.704326476177171e-05,7.272717786852168e-05,0.004524819869275954,17.93904553592818,0.9998486823639614,0.1873807701012644,0.00035621602672757064,0.005568627346791892,2.0795054567201987e-10,0.12186683714389801,2.1395043930949598e-10,2.1405585290401596e-10,1.6619772225112683e-07,1.7171923616388085e-07,3.366943161609015e-07,4.197073459625244,0.05613026022911072,0.23558282852172852,0.00018262223396560076,7.766427856381597e-08,9.997912706061207e-11,1.5733744049839515e-07,0.5,0.06458473130182893,0.032292365650914465,0.09885677250314272,0.02101040024160011,4.705135140772018
42,dp_fisher_wiener,ebf86245849e2caa4d8a57f92d778fa0a1412b137d15b6f322654b1c385fdf57,3,conv1,0.03895673909464348,9.631582701766602,9.63202706649627,0.00010524073218863983,61126.58343567405,0.9998366916154782,0.013428607441380353,0.03157637606209408,4.88855685948483e-10,1.193116628657157e-10,1.6359494398920658e-05,6.702370227069095e-05,6.124585163709142,0.9999836431772329,3.001521932527563,6.762385007164085e-06,8.53092679595411e-06,9.051012739291764e-07,2.550369390519336e-05,1.2602619051449439e-06,1.3659856676895288e-06,2.2726087536284467e-06,5.508618528438092e-06,2.18959487028769e-05,3.148954391479492,0.00016056737513281405,0.0005056193331256509,3.1601206869069642e-06,1.0619934585065494e-06,5.88921628263961e-07,1.0232210388494411e-05,0.5,2.2110081093213636e-05,1.1055040546606818e-05,5.262036609431991e-05,0.003895673909464348,0.013507384679445048
42,dp_fisher_wiener,ebf86245849e2caa4d8a57f92d778fa0a1412b137d15b6f322654b1c385fdf57,3,conv2,0.1789028508030655,46.69826666798238,46.69615861446116,0.0012347279073730555,68134.48844149681,1.0002972161370651,-0.009867890780072615,-0.018081367829338973,5.231303064662385e-08,7.011192824303592e-10,1.4676854891592802e-05,0.0010950922001949754,18.72817656079639,0.9999853187829099,5.016338776807004,2.942076957549942e-06,2.300617131283059e-05,1.6963271676218028e-08,0.00028387230122461915,4.14199156750783e-08,6.558220100316703e-08,1.3001744747498378e-07,3.179840817324475e-07,1.7027245235112794e-06,19.33205223083496,0.00033004238503053784,0.00638039642944932,1.3750852329006336e-06,6.075721614706708e-08,1.9355545077814897e-08,7.956852243751203e-07,0.5,0.00022872042026593045,0.00011436021013296522,0.0006173639536865278,0.017890285080306552,0.034508335159600535
42,dp_fisher_wiener,ebf86245849e2caa4d8a57f92d778fa0a1412b137d15b6f322654b1c385fdf57,3,fc1,0.42603162725830446,305.988678708066,305.988625342421,0.18102694597596208,515854.27578806685,0.9771936295533121,0.0005708938090917113,0.2392936012268253,0.0032773882008152464,3.154517130752445e-07,1.9385319593732118e-06,0.020140393939967187,40.1659477161152,0.9999981056789186,0.38709258647840533,4.521109592736942e-06,0.0006355819333801014,1.2664344573032338e-10,0.18943510949611664,2.11364786784074e-10,2.1351427570426296e-10,2.1399482186268415e-10,2.1445134557041e-10,2.1864590554754316e-10,47.05925750732422,0.00996377132833004,0.46888768672943115,2.3347248431594775e-06,9.999986949615902e-11,9.877085260789897e-11,1.0217332466200269e-10,0.5,0.05724847771613885,0.028624238858069424,0.09051347298798104,0.04260316272583045,2.124571679533497
42,dp_fisher_wiener,ebf86245849e2caa4d8a57f92d778fa0a1412b137d15b6f322654b1c385fdf57,3,fc2,0.29428127593473175,24.750787424185855,24.751566400029624,0.1392078301004367,7073.800047465161,1.4931157931655774,0.008591703610933137,-0.28469444749346495,0.004545490764338845,3.69801190146036e-05,0.00014136673263005125,0.01737639560543204,20.896124720954894,0.9997889230988795,0.3676051854408336,0.00035621602672757064,0.005568627346791892,2.0795054567201987e-10,0.12186683714389801,2.1395043930949598e-10,2.1405585290401596e-10,1.6619772225112683e-07,1.7171923616388085e-07,3.366943161609015e-07,4.197073459625244,0.05613026022911072,0.23558282852172852,0.00018262223396560076,7.766427856381597e-08,9.997912706061207e-11,1.5733744049839515e-07,0.5,0.06742025485222408,0.03371012742611204,0.06960391505021835,0.029428127593473175,2.365217250970819
