seed,run_id,learning_rate,step,refresh_index,interval_index,layer,beta_train,beta_source_interval,trace_F,sum_a,sum_a_H2,H_mean,H_q50,H_q90,mean_H2,sum_H2,model_signal_retention,gamma_model_raw,model_noise_retention_before,model_noise_retention_after_raw
42,dp_fisher_wiener_adaptive_beta_lr1p00,1.0,0,0,0,conv1,1.0,,0.0005027726689443,0.0005027725508821132,5.3024591743261277e-05,0.12761729474118672,0.05734092836177828,0.3685759271890312,0.0338531087336518,5.416497397384288,0.10546437280680848,3.0792653346011822,0.0338531087336518,0.320990945403568
42,dp_fisher_wiener_adaptive_beta_lr1p00,1.0,0,0,0,conv2,1.0,,0.0061612685488167,0.006161266014796353,0.0033316566271422406,0.025473982896930928,0.003503526793383106,0.04135255393964607,0.00955699161442529,44.344441090933344,0.5407422142042282,1.3598933889505915,0.00955699161442529,0.01767384044260283
42,dp_fisher_wiener_adaptive_beta_lr1p00,1.0,0,0,0,fc1,1.0,,0.0606304524490202,0.06063010938117854,0.045115638528179375,0.0036188416144407073,0.0005288194632074892,0.0032491931611197283,0.0008187544370321959,164.43209109804997,0.7441127682046482,1.1592593881593598,0.0008187544370321959,0.0011003096197470697
42,dp_fisher_wiener_adaptive_beta_lr1p00,1.0,0,0,0,fc2,1.0,,0.0001898816563733,0.00018988159910597927,4.439294187691452e-05,0.004521857554866869,0.0002885343297180261,0.0015733204777743516,0.0019567718400414695,2.5242356736534957,0.23379275341017816,2.068161632878738,0.0019567718400414695,0.008369685593327214
42,dp_fisher_wiener_adaptive_beta_lr1p00,1.0,50,1,1,conv1,0.20160011062735833,0,0.0005026430681089,0.00010133289756469944,9.001243604398467e-07,0.03334320693763414,0.012103902213294288,0.10534844971583943,0.002714589616773469,0.43433433868375504,0.008882844387876421,10.610209836393972,0.002714589616773469,0.305599141247867
42,dp_fisher_wiener_adaptive_beta_lr1p00,1.0,50,1,1,conv2,0.11689838355704879,0,0.0069188599563142,0.0008088033241882422,0.000114352939402776,0.00679890024615039,0.0004317614202736451,0.005382653647011538,0.0017984962125140707,8.345022426065288,0.14138534793677643,2.659486545449214,0.0017984962125140707,0.012720527542346946
42,dp_fisher_wiener_adaptive_beta_lr1p00,1.0,50,1,1,fc1,0.20826237546551035,0,0.2901465331745001,0.06042566549704195,0.04588806527424853,0.003161543872831497,0.00016262354008685087,0.001263686106134214,0.0009966383789395095,200.15687891917958,0.7594134859217216,1.1475215426690506,0.0009966383789395095,0.0013123790891464897
42,dp_fisher_wiener_adaptive_beta_lr1p00,1.0,50,1,1,fc2,6.477341934413168,0,0.0019153548445034,0.012406404401855533,0.01160957842791931,0.025499876825106266,0.003780290938090922,0.045535291729770624,0.009982890530714529,12.877928784621743,0.9357730130240598,1.03374814165805,0.009982890530714529,0.010668068422334231
42,dp_fisher_wiener_adaptive_beta_lr1p00,1.0,100,2,2,conv1,0.5428807663015591,1,0.0005026653444828,0.00027288728600606955,1.2395188795142177e-05,0.07931590486477871,0.03206344792004636,0.24064264837821614,0.01420706324205256,2.2731301187284094,0.04542237557694968,4.692076432474964,0.01420706324205256,0.312776755103539
42,dp_fisher_wiener_adaptive_beta_lr1p00,1.0,100,2,2,conv2,0.16316702369109415,1,0.0075096337974356,0.0012253243661803784,0.00025535888947215393,0.009194512524740003,0.0006222584373000322,0.007688028983901446,0.0028138007215033067,13.056035347775342,0.20840105405572493,2.19053423200297,0.0028138007215033067,0.013501854557563406
42,dp_fisher_wiener_adaptive_beta_lr1p00,1.0,100,2,2,fc1,0.04056745095569202,1,0.6661665058487642,0.02702396377663805,0.018525682409541225,0.001772141456602552,3.767440092045927e-05,0.0003229566920106509,0.000658617555178012,132.2714808415105,0.6855279470717947,1.2077788432377452,0.000658617555178012,0.0009607450111862989
42,dp_fisher_wiener_adaptive_beta_lr1p00,1.0,100,2,2,fc2,1.3889276350572863,1,0.0083263697368947,0.011564717251449527,0.010730453058209499,0.02496782423848436,0.001320006331979648,0.022145973925215258,0.012182072037859816,15.714872928839164,0.927861254616021,1.0381461077431566,0.012182072037859816,0.013129195746945111
42,dp_fisher_wiener_adaptive_beta_lr1p00,1.0,150,3,3,conv1,0.6459426472205473,2,0.0005027366731464,0.0003247390507678331,1.9034342842363807e-05,0.09131124209852766,0.037914314802149546,0.27382673327034485,0.01844414762552764,2.9510636200844225,0.05861427135836553,4.130458991505732,0.01844414762552764,0.31466991226011826
42,dp_fisher_wiener_adaptive_beta_lr1p00,1.0,150,3,3,conv2,0.1238691833739132,2,0.0089226664946124,0.0011052435164961866,0.00020711246270569973,0.008578885343901374,0.0004940470492796928,0.0060048530969559755,0.0025401073306585424,11.786098014255638,0.18739079633987096,2.310073890801897,0.0025401073306585424,0.013555133871417815
42,dp_fisher_wiener_adaptive_beta_lr1p00,1.0,150,3,3,fc1,0.03860026089773269,2,1.4561390159869347,0.05620502590476213,0.04124112232304222,0.0031130262963037876,4.1652481337031885e-05,0.0004271273707208805,0.0011670912841178958,234.38927677196523,0.7337621797901877,1.1674071217624395,0.0011670912841178958,0.001590557971319283
42,dp_fisher_wiener_adaptive_beta_lr1p00,1.0,150,3,3,fc2,0.8392522793521864,2,0.0233796857862889,0.019621451182983113,0.01844321668001261,0.03434109874432999,0.0019269937787648839,0.03402140205756839,0.018125841499826465,23.38233553477614,0.9399517144790831,1.031447738083754,0.018125841499826465,0.01928380066828403
42,dp_fisher_wiener_adaptive_beta_lr1p00,1.0,200,4,4,conv1,0.6459426472205473,3,0.0005027264726859,0.00032473250033628813,1.900459811452944e-05,0.09132742279014913,0.037949203495067835,0.27381945106789524,0.01843629424769171,2.9498070796306735,0.0585238560810777,4.1336483957098835,0.01843629424769171,0.31502186428301066
42,dp_fisher_wiener_adaptive_beta_lr1p00,1.0,200,4,4,conv2,0.02223904420298732,3,0.0098143114036973,0.0002182609446924219,4.938778383528806e-06,0.0023618463537823523,9.023582105241581e-05,0.0011585114158218278,0.00027911299674818863,1.2950843049115952,0.022627861299183143,6.647804604934644,0.00027911299674818863,0.012334926092120979
42,dp_fisher_wiener_adaptive_beta_lr1p00,1.0,200,4,4,fc1,0.027342504820507457,3,1.955723220685087,0.053472268269702486,0.038201445829076995,0.003167949078509257,3.125891048287661e-05,0.00034952220443600497,0.001199956343941127,240.98963246638442,0.714416034053338,1.1831080338874267,0.001199956343941127,0.0016796324364852357
42,dp_fisher_wiener_adaptive_beta_lr1p00,1.0,200,4,4,fc2,0.43603860323458343,3,0.0400343521387753,0.01745650821808566,0.016254952701005097,0.034642088141187154,0.00157996512023784,0.031956150181596206,0.018863339985187206,24.333708580891496,0.9311686219220118,1.0363008003069343,0.018863339985187206,0.020257705791515673
42,dp_fisher_wiener_adaptive_beta_lr1p00,1.0,250,5,5,conv1,0.15273009287144515,4,0.0005026761992691,7.677380074983357e-05,4.1021950244345645e-07,0.02578153062121933,0.009262414937321502,0.08188746350801107,0.001634843426167682,0.26157494818682914,0.005343222537336029,13.680386549084481,0.001634843426167682,0.3059658127177248
42,dp_fisher_wiener_adaptive_beta_lr1p00,1.0,250,5,5,conv2,0.024133451531265317,4,0.0106082505055349,0.0002560137774510767,7.728900604734783e-06,0.002707176379043035,9.901778698546821e-05,0.0012908479699204822,0.00036662639751978016,1.70114648449178,0.030189393249399434,5.755364155842464,0.00036662639751978016,0.012144212190388212
42,dp_fisher_wiener_adaptive_beta_lr1p00,1.0,250,5,5,fc1,0.016755717100450235,4,2.2997538703358487,0.03853237270820033,0.025983008033036607,0.002616966148345717,2.0730024319405908e-05,0.00023527393820837157,0.0009725221209389942,195.31356259242008,0.6743163269441488,1.2177781077907717,0.0009725221209389942,0.0014422342780075455
42,dp_fisher_wiener_adaptive_beta_lr1p00,1.0,250,5,5,fc2,0.2062220376764698,4,0.0505351462250693,0.010421456130570269,0.009391904404457854,0.029809506966188008,0.001016522301387975,0.02243151126903573,0.016036569308121067,20.687174407476178,0.9012084575117741,1.053385584114987,0.016036569308121067,0.01779451710029203
42,dp_fisher_wiener_adaptive_beta_lr1p00,1.0,300,6,6,conv1,0.0965518842608458,5,0.0005027081521006,4.853742653280787e-05,1.1033112603669037e-07,0.016692364832214434,0.0058865861582632385,0.05337891719733429,0.0006941345960835707,0.11106153537337132,0.002273114458635633,20.97439042203966,0.0006941345960835707,0.30536719937112344
42,dp_fisher_wiener_adaptive_beta_lr1p00,1.0,300,6,6,conv2,0.00252833476149332,5,0.0108636876647634,2.7467034572819054e-05,1.4749876592110176e-08,0.00033349496899691167,1.0514916847974152e-05,0.00013770595748503772,6.368296112376564e-06,0.029548893961427257,0.0005370028771400908,43.15306959754711,6.368296112376564e-06,0.011858960879859928
42,dp_fisher_wiener_adaptive_beta_lr1p00,1.0,300,6,6,fc1,0.010278982854218067,5,2.624351886026375,0.02697451766110309,0.016984047969535006,0.0020894653463384076,1.3166590899671755e-05,0.00015250230927704058,0.0007681035179642976,154.2597657198058,0.6296330552751935,1.260248647292811,0.0007681035179642976,0.0012199224794965423
42,dp_fisher_wiener_adaptive_beta_lr1p00,1.0,300,6,6,fc2,0.11710588483923591,5,0.0767634415908435,0.008989440745349724,0.00809477319953434,0.025986959404690667,0.0006696839012056274,0.016375861235904732,0.013852706252984476,17.869991066349975,0.9004757280058607,1.053814074146901,0.013852706252984476,0.015383764183918475
42,dp_fisher_wiener_adaptive_beta_lr1p00,1.0,350,7,7,conv1,0.0965518842608458,6,0.0005027757451059,4.854393528743265e-05,1.1094882154691169e-07,0.01669252375436403,0.005863817684172483,0.05340286263938238,0.0006960907067491163,0.1113745130798586,0.0022855341432451767,20.917324951154065,0.0006960907067491163,0.30456368757666136
42,dp_fisher_wiener_adaptive_beta_lr1p00,1.0,350,7,7,conv2,0.05764815023364812,6,0.0110343675638662,0.0006361109589051173,6.848538743224681e-05,0.005674832005324311,0.00023741867549286925,0.003152304582774564,0.0013524548749844067,6.275390619927647,0.10766264355848354,3.0476667739860495,0.0013524548749844067,0.012561969781558798
42,dp_fisher_wiener_adaptive_beta_lr1p00,1.0,350,7,7,fc1,0.005943621904561769,6,2.7191599705180067,0.016160928556708226,0.008877660987294082,0.0015163214314410922,7.560341525385626e-06,8.85892272589647e-05,0.0005669078139575615,113.85323009272498,0.5493286450801778,1.3492234379986485,0.0005669078139575615,0.001032001187330797
42,dp_fisher_wiener_adaptive_beta_lr1p00,1.0,350,7,7,fc2,0.06436795125304984,6,0.0845012355159902,0.005439168640760465,0.004692536191174028,0.02168760348639667,0.0003924654961289532,0.009814055048030238,0.01156003950660481,14.912450963520204,0.8627304099396248,1.0766200085300677,0.01156003950660481,0.013399364822915887
42,dp_fisher_wiener_adaptive_beta_lr1p00,1.0,400,8,8,conv1,0.010588794029871739,7,0.0005027706051943,5.323735075698974e-06,1.6349853610165102e-10,0.0019020162498740358,0.0006426025258898017,0.006153389102316808,9.274803314012005e-06,0.0014839685302419207,3.071124572820421e-05,180.4476720208899,9.274803314012005e-06,0.3020002313189897
42,dp_fisher_wiener_adaptive_beta_lr1p00,1.0,400,8,8,conv2,0.05764815023364812,7,0.0111615969678595,0.0006434453440782668,7.003361080158131e-05,0.005727187166659116,0.00023731922790680258,0.0031559763043423937,0.0013717332357719152,6.364842213981687,0.10884158452013389,3.031116105845443,0.0013717332357719152,0.01260302522992182
42,dp_fisher_wiener_adaptive_beta_lr1p00,1.0,400,8,8,fc1,0.004331667747962488,7,3.2051632480383887,0.013883044168736397,0.0072258124990489244,0.0013825660027058952,5.652735052841615e-06,6.778809813656524e-05,0.0005215985189886747,104.7536737655335,0.52047752720696,1.38611418734651,0.0005215985189886747,0.0010021537755678528
42,dp_fisher_wiener_adaptive_beta_lr1p00,1.0,400,8,8,fc2,0.05429359840670722,7,0.0949094179060217,0.005152969317648518,0.0043930927733663114,0.02208399764391489,0.00035150272534465626,0.008776120788754099,0.011753406659962377,15.161894591351466,0.8525361791540872,1.0830377409315797,0.011753406659962377,0.01378640220480082
42,dp_fisher_wiener_adaptive_beta_lr1p00,1.0,450,9,9,conv1,0.010588794029871739,8,0.0005026588851635,5.322551232088061e-06,1.6222772071688233e-10,0.0019016306028392066,0.0006468374857725927,0.006151787722284911,9.23587809108611e-06,0.0014777404945737777,3.0479315960147115e-05,181.13292152732893,9.23587809108611e-06,0.3030211735447862
42,dp_fisher_wiener_adaptive_beta_lr1p00,1.0,450,9,9,conv2,0.05764815023364812,8,0.0111592321718774,0.0006433090885060554,7.009418111303228e-05,0.005725351585465366,0.00023839495833026352,0.0031887403704898847,0.0013711320839862528,6.362052869696213,0.10895879191728923,3.029485375476953,0.0013711320839862528,0.012583950866737593
42,dp_fisher_wiener_adaptive_beta_lr1p00,1.0,450,9,9,fc1,0.0039683963748831695,8,3.577388129349401,0.014195821219121727,0.007514141940123684,0.001384673727835238,5.159779662265891e-06,6.2399968738743e-05,0.0005264835308706348,105.73474047181132,0.529320694036507,1.3744867681966357,0.0005264835308706348,0.000994639991978707
42,dp_fisher_wiener_adaptive_beta_lr1p00,1.0,450,9,9,fc2,0.03649811811255326,8,0.1095991527472217,0.004000160242170017,0.003318162372570859,0.0198697681966956,0.00027720428234166743,0.007089801064465499,0.01049968829154046,13.544597896087193,0.8295073626277567,1.0979684918232913,0.01049968829154046,0.012657739719487238
42,dp_fisher_wiener_adaptive_beta_lr1p00,1.0,500,10,10,conv1,0.04487468874140834,9,0.0005027356443406,2.2560109377048516e-05,1.1787125342439812e-08,0.007936376275518433,0.0027426372755547748,0.025558496608084912,0.00015901719471541159,0.025442751154465853,0.0005224764271059528,43.748850814647675,0.00015901719471541159,0.3043528596997631
42,dp_fisher_wiener_adaptive_beta_lr1p00,1.0,500,10,10,conv2,0.006890277699282453,9,0.0111612617696925,7.690417752944613e-05,2.938111108364091e-07,0.0009030399904177589,2.8489367736460262e-05,0.0003788375665629099,4.540745431627513e-05,0.2106905880275166,0.003820483103455734,16.178597046316252,4.540745431627513e-05,0.011885265053312973
42,dp_fisher_wiener_adaptive_beta_lr1p00,1.0,500,10,10,fc1,0.003007073055550902,9,3.893916974725869,0.011708712653737973,0.005780865255538418,0.0012244422375683327,3.825532506137406e-06,4.837282276266541e-05,0.0004710968792491171,94.61132845335868,0.49372338586624154,1.4231744904528505,0.0004710968792491171,0.0009541716935740727
42,dp_fisher_wiener_adaptive_beta_lr1p00,1.0,500,10,10,fc2,0.030385049969615732,9,0.1385468900483459,0.004209751350628278,0.003557779213743941,0.018982437687554886,0.00023982145516176676,0.0062549711842988,0.010049968900882948,12.964459882139003,0.8451281126646508,1.0877741294227568,0.010049968900882948,0.011891651396136673
42,dp_fisher_wiener_adaptive_beta_lr1p00,1.0,550,11,11,conv1,0.04487468874140834,10,0.0005027037752408,2.2558674829344602e-05,1.1857396963724913e-08,0.007935344286390391,0.002730292143957849,0.02557127653091296,0.00015950891728157263,0.02552142676505162,0.0005256247121528905,43.61763484200079,0.00015950891728157263,0.3034654071499889
42,dp_fisher_wiener_adaptive_beta_lr1p00,1.0,550,11,11,conv2,0.0035322228819410404,10,0.0112367656827672,3.9690755103338e-05,4.387149876859219e-08,0.0004777784561604035,1.4600423189318758e-05,0.0001949600260409864,1.305571164599448e-05,0.06057850203741438,0.001105332933434229,30.078310965250157,1.305571164599448e-05,0.01181156486980883
42,dp_fisher_wiener_adaptive_beta_lr1p00,1.0,550,11,11,fc1,0.0025888125971412984,10,4.035739158194929,0.010447267963613789,0.004904461397958972,0.0011444437330309096,3.3494962345075455e-06,4.142805608042219e-05,0.00044096235415594506,88.55935150984676,0.46944918183782103,1.459505401958894,0.00044096235415594506,0.0009393186125698325
42,dp_fisher_wiener_adaptive_beta_lr1p00,1.0,550,11,11,fc2,0.026375583662457264,10,0.1475061143708842,0.0038905556217487354,0.0032448673782444126,0.018787818496351926,0.00023056017175980672,0.006152143169475631,0.009964765478133646,12.854547466792402,0.8340370100623063,1.0949829041708732,0.009964765478133646,0.011947629850849463
42,dp_fisher_wiener_adaptive_beta_lr1p00,1.0,600,12,12,conv1,0.11240350904631516,11,0.0005029886453526,5.653769333770689e-05,1.7199335901004322e-07,0.019309223794414576,0.0068320585867590565,0.061686506816991525,0.0009274268290337926,0.14838829264540682,0.0030421007447669437,18.1306428850809,0.0009274268290337926,0.30486394332244343
42,dp_fisher_wiener_adaptive_beta_lr1p00,1.0,600,12,12,conv2,0.00798536385096705,11,0.0113106526035133,9.031964937204908e-05,4.6699176974352344e-07,0.0010510677189698389,3.3141101486831e-05,0.0004408540414225914,6.132121074512894e-05,0.2845304178573983,0.005170433820218547,13.907097779916779,6.132121074512894e-05,0.011859974013270897
42,dp_fisher_wiener_adaptive_beta_lr1p00,1.0,600,12,12,fc1,0.0021367078586729507,11,4.106949577759451,0.008774926205030575,0.0037957749835959434,0.0010272997406053587,2.7430417454229515e-06,3.471897048753779e-05,0.00039688430081513524,79.70706790130524,0.4325705874791135,1.5204477729478332,0.00039688430081513524,0.0009175018189009411
42,dp_fisher_wiener_adaptive_beta_lr1p00,1.0,600,12,12,fc2,0.023502428459145686,11,0.1679287786012508,0.003946732063193217,0.003297879231396304,0.018860366606492183,0.00019901104867663835,0.005646999883968008,0.010033136908565419,12.94274661204939,0.8355974458342278,1.093960013931061,0.010033136908565419,0.01200714166682107
42,dp_fisher_wiener_adaptive_beta_lr1p00,1.0,650,13,13,conv1,0.11240350904631516,12,0.0005028139610615,5.651804377233503e-05,1.7160138184075326e-07,0.019303446503447418,0.006830662967104994,0.06168751627590486,0.0009262901797065304,0.14820642875304488,0.0030362229544248715,18.14818385507841,0.0009262901797065304,0.3050797631170635
42,dp_fisher_wiener_adaptive_beta_lr1p00,1.0,650,13,13,conv2,0.014263435513668463,12,0.011426910613812,0.00016298701014573236,2.381770890419493e-06,0.001813674429802891,5.923303858695906e-05,0.0007960185332176682,0.00017464171987156878,0.8103375802040791,0.014613255917081175,8.27230436199939,0.00017464171987156878,0.011950910930632042
42,dp_fisher_wiener_adaptive_beta_lr1p00,1.0,650,13,13,fc1,0.0017982149585506764,12,4.272111562971702,0.007681786635052192,0.0030982375222886912,0.0009469028266398804,2.337673962153922e-06,3.0033829156619105e-05,0.0003641273488172124,73.1284237176584,0.40332251720600426,1.5746127564587937,0.0003641273488172124,0.0009028192904767273
42,dp_fisher_wiener_adaptive_beta_lr1p00,1.0,650,13,13,fc2,0.024974958837725953,12,0.1595176413928403,0.003983942726516872,0.0033191697452137703,0.019389983435329126,0.00020577227877924595,0.006104765351560672,0.010212446469775056,13.174055946009823,0.8331369131191535,1.0955742383754432,0.010212446469775056,0.012257824985260846
42,dp_fisher_wiener_adaptive_beta_lr1p00,1.0,700,14,14,conv1,0.07388746029025584,13,0.0005027463028683,3.7146648856451234e-05,5.1353216348789096e-08,0.012898806613154257,0.004478442367761553,0.04144604971324274,0.00041930241283137383,0.06708838605301981,0.0013824454676177502,26.89527538814262,0.00041930241283137383,0.3033048482946107
42,dp_fisher_wiener_adaptive_beta_lr1p00,1.0,700,14,14,conv2,0.029653909867470858,13,0.0115273070217041,0.0003418297314492698,1.621415914591602e-05,0.00345469600511103,0.00012307539219293486,0.0016524819071344755,0.0005764719941286528,2.674830052756949,0.04743343733493331,4.5915329070065,0.0005764719941286528,0.012153283137760257
42,dp_fisher_wiener_adaptive_beta_lr1p00,1.0,700,14,14,fc1,0.0017094500486735283,13,4.452642790036293,0.007611190332066437,0.003034221858345398,0.0009467939668133759,2.200250735095593e-06,2.8841334064742205e-05,0.00036235395187146283,72.77226886224962,0.3986527370839782,1.5838083376096381,0.00036235395187146283,0.0009089463539670396
42,dp_fisher_wiener_adaptive_beta_lr1p00,1.0,700,14,14,fc2,0.0207124056592084,13,0.1704527000143763,0.003530480858013879,0.0028971584074502133,0.01845772111588355,0.00017313986110777108,0.005270732111657965,0.009744212442531812,12.570034050866036,0.8206129770889198,1.1039027359466211,0.009744212442531812,0.011874309466929075
42,dp_fisher_wiener_adaptive_beta_lr1p00,1.0,750,15,15,conv1,0.07388746029025584,14,0.0005027499319581,3.714690846413661e-05,5.107402746641614e-08,0.012900137153943614,0.004491581675578537,0.04143314852265109,0.00041816531305140426,0.06690645008822468,0.0013749200021779856,26.96877903488104,0.00041816531305140426,0.3041379224893057
42,dp_fisher_wiener_adaptive_beta_lr1p00,1.0,750,15,15,conv2,0.029653909867470858,14,0.0115834714999456,0.00034349516376519257,1.6372837302778752e-05,0.003469856599514561,0.00012354970208872077,0.001671562654428698,0.0005799652346930189,2.691038688975608,0.047665408512042234,4.580346573327887,0.0005799652346930189,0.012167423983086097
42,dp_fisher_wiener_adaptive_beta_lr1p00,1.0,750,15,15,fc1,0.0018983525903062885,14,4.56490230396048,0.008665371159057664,0.0037182015325511394,0.0010216467433297848,2.458308147792109e-06,3.273653291208224e-05,0.00039338961908073916,79.005223979223,0.42908739444641214,1.5266065517070753,0.00039338961908073916,0.000916805350546994
42,dp_fisher_wiener_adaptive_beta_lr1p00,1.0,750,15,15,fc2,0.022373936264870692,14,0.1756059956865385,0.003928993178227929,0.0032714570854778385,0.01921208371644851,0.0001795635351912286,0.006023016884126676,0.010068086571994414,12.987831677872794,0.8326451426808902,1.095897720413608,0.010068086571994414,0.01209168955165933
42,dp_fisher_wiener_adaptive_beta_lr1p00,1.0,800,16,16,conv1,0.0715136484567904,15,0.000502827920029,3.595905861034402e-05,4.6332381136571145e-08,0.012501189487692669,0.004355298987129438,0.04015028564960297,0.00039234849570316557,0.0627757593125065,0.001288475920313529,27.858764150807396,0.00039234849570316557,0.3045058813421163
42,dp_fisher_wiener_adaptive_beta_lr1p00,1.0,800,16,16,conv2,0.029653909867470858,15,0.0116727099166435,0.0003461414683385017,1.6744678169205964e-05,0.0034906124334570243,0.0001243702418036311,0.0016836754407499987,0.0005873675912380564,2.725385623344582,0.048375244519477396,4.546617439000932,0.0005873675912380564,0.012141904337073971
42,dp_fisher_wiener_adaptive_beta_lr1p00,1.0,800,16,16,fc1,0.002448221930597705,15,4.823882209972567,0.011809339459334376,0.005847680007837397,0.0012316521903697514,3.2138752605613824e-06,4.310690154338197e-05,0.00047355817051567456,95.10563450100395,0.4951741820932461,1.421088102644471,0.00047355817051567456,0.0009563466506145485
42,dp_fisher_wiener_adaptive_beta_lr1p00,1.0,800,16,16,fc2,0.021722808326988415,15,0.1802487982690124,0.003915505999519222,0.0032642079420976233,0.019061387434701847,0.0002162550895049841,0.006256153428148335,0.00994100230496592,12.823892973406036,0.8336618415342562,1.095229261204642,0.00994100230496592,0.01192450200991649
42,dp_fisher_wiener_adaptive_beta_lr1p00,1.0,850,17,17,conv1,0.044531013569644895,16,0.0005026642129714,2.238414709124325e-05,1.1569755257790146e-08,0.007875320770268965,0.0027119964265350065,0.025389985785142982,0.00015697602131758867,0.025116163410814185,0.0005168727318771182,43.98536390991867,0.00015697602131758867,0.30370342956089297
42,dp_fisher_wiener_adaptive_beta_lr1p00,1.0,850,17,17,conv2,0.003104569126084382,16,0.0116923204435952,3.629961473747761e-05,3.38317167796983e-08,0.00043797538314043204,1.2930253784949764e-05,0.0001754547150830774,1.100026917944171e-05,0.051041248992609534,0.0009320131087994352,32.75585874539819,1.100026917944171e-05,0.011802697918714484
42,dp_fisher_wiener_adaptive_beta_lr1p00,1.0,850,17,17,fc1,0.0028011612715316985,16,5.001396986723762,0.014009005221691023,0.007371436363529996,0.0013742654070696986,3.5712301875807242e-06,4.936021289271811e-05,0.0005242749708421169,105.29119094416401,0.5261927058258454,1.3785660796291208,0.0005242749708421169,0.0009963554512206346
42,dp_fisher_wiener_adaptive_beta_lr1p00,1.0,850,17,17,fc2,0.023121207152675818,16,0.1782416001019555,0.004121158951418784,0.0034421803977255122,0.019953792690783997,0.00027313041086921995,0.007290784818635777,0.010281213255719509,13.262765099878166,0.8352457253657928,1.0941903219823925,0.010281213255719509,0.012309207869596562
42,dp_fisher_wiener_adaptive_beta_lr1p00,1.0,900,18,18,conv1,0.16619219514231998,17,0.0005027191369905,8.354799120708676e-05,5.247205130977178e-07,0.02789193282336446,0.010015144292535161,0.08863772941747264,0.0019154309330552482,0.3064689492888397,0.006280468333429058,12.618391126199054,0.0019154309330552482,0.30498218148159134
42,dp_fisher_wiener_adaptive_beta_lr1p00,1.0,900,18,18,conv2,0.003104569126084382,17,0.0117188227130995,3.6381889441198295e-05,3.4041354970248104e-08,0.00043894135275347523,1.293716169296549e-05,0.00017628266275542112,1.1050276977062307e-05,0.051273285173569105,0.0009356675943196121,32.691828032816076,1.1050276977062307e-05,0.011810045623197759
42,dp_fisher_wiener_adaptive_beta_lr1p00,1.0,900,18,18,fc1,0.0036446432805061955,17,5.015363810451845,0.018278270338909212,0.010463834700008261,0.0016219488428008703,4.64263342485961e-06,6.365746489250068e-05,0.0006132101300217444,123.15221683252699,0.5724740090824539,1.3216672024238645,0.0006132101300217444,0.0010711580269025334
42,dp_fisher_wiener_adaptive_beta_lr1p00,1.0,900,18,18,fc2,0.01982179889044975,17,0.1724442825484118,0.0034181539478985523,0.002770046388009654,0.019029216679462304,0.0002496652586266759,0.006091574477726766,0.009831099777700776,12.682118713234,0.810392518953879,1.1108419915274275,0.009831099777700776,0.012131281505894905
42,dp_fisher_wiener_adaptive_beta_lr1p00,1.0,950,19,19,conv1,0.07193300845966165,18,0.0005027075492877,3.616127194399622e-05,4.7208149856067605e-08,0.012568780189098577,0.004380912810946606,0.04038640125585433,0.00039704285348145745,0.06352685655703319,0.0013054891965409827,27.676639626434007,0.00039704285348145745,0.3041333888732745
42,dp_fisher_wiener_adaptive_beta_lr1p00,1.0,950,19,19,conv2,0.003104569126084382,18,0.0119077713816748,3.6968494123486555e-05,3.5966717212657236e-08,0.0004457851923223217,1.2980608318510168e-05,0.00017726679259864078,1.144485216864453e-05,0.05310411406251062,0.0009729018740259459,32.06014483771293,1.144485216864453e-05,0.011763624343002667
42,dp_fisher_wiener_adaptive_beta_lr1p00,1.0,950,19,19,fc1,0.002482252548245641,18,5.156586984196565,0.012799298199376691,0.006502760575160044,0.0013027353814665573,3.2679683589033823e-06,4.4899117941285215e-05,0.0004982600094766598,100.06655422321654,0.5080560257184038,1.4029564714756846,0.0004982600094766598,0.0009807186299426482
42,dp_fisher_wiener_adaptive_beta_lr1p00,1.0,950,19,19,fc2,0.020243063143460357,18,0.1818594318224242,0.0036813895190848395,0.0030085086500105593,0.019766862746163596,0.00021482304907985346,0.006622292796804551,0.010196612487459096,13.153630108822234,0.8172209526902895,1.106191338266261,0.010196612487459096,0.012477179462777934
42,dp_fisher_wiener_adaptive_beta_lr1p00,1.0,1000,20,20,conv1,0.060920177069441694,19,0.0005028056169055,3.0631005376107435e-05,2.9298232270189266e-08,0.010697142529657888,0.00369128772853153,0.03444050556901915,0.0002896110489363767,0.04633776782982027,0.0009564894103359158,32.33403595624436,0.0002896110489363767,0.3027854211524061
42,dp_fisher_wiener_adaptive_beta_lr1p00,1.0,1000,20,20,conv2,0.023690995363929775,19,0.0119583645123499,0.00028330558640252926,1.0187725245050839e-05,0.0029476113526442655,9.934631390919683e-05,0.0013546905509026306,0.0004336273704629397,2.01203099894804,0.0359601989301256,5.273378658006756,0.0004336273704629397,0.012058536475438376
42,dp_fisher_wiener_adaptive_beta_lr1p00,1.0,1000,20,20,fc1,0.002379721800444079,19,5.220131325768307,0.012421834931901455,0.006226603613971152,0.0012814375781118157,3.051902589334051e-06,4.3163351229654796e-05,0.0004905812225870301,98.52440809459843,0.5012627883164137,1.4124310856361093,0.0004905812225870301,0.0009786906868445996
42,dp_fisher_wiener_adaptive_beta_lr1p00,1.0,1000,20,20,fc2,0.01977916793116431,19,0.1818221768857952,0.003596287741959887,0.002936440230431099,0.01948753566610026,0.00026453302183286316,0.006353840784603545,0.009895562410177215,12.765275509128607,0.8165198229746801,1.1066661688664414,0.009895562410177215,0.012119194331530725
42,dp_fisher_wiener_adaptive_beta_lr1p00,1.0,1050,21,21,conv1,0.060920177069441694,20,0.0005027105161947,3.062521553035237e-05,2.9146283299752975e-08,0.010695893282322375,0.0037050213720990085,0.034426490978801336,0.00028883615486098243,0.04621378477775719,0.0009517086751884689,32.41514629259877,0.00028883615486098243,0.3034921950288869
42,dp_fisher_wiener_adaptive_beta_lr1p00,1.0,1050,21,21,conv2,0.023690995363929775,20,0.0119793460958016,0.00028380264097701093,1.0229188681946411e-05,0.0029522480043875318,9.936354487451064e-05,0.001361272860632799,0.0004346310030635168,2.016687854214718,0.036043317450224197,5.267294750508379,0.0004346310030635168,0.012058573788712484
42,dp_fisher_wiener_adaptive_beta_lr1p00,1.0,1050,21,21,fc1,0.0015343030215628954,20,5.391153976794612,0.008271252327035858,0.0034444715066155674,0.0009980550285152326,2.0185261620196893e-06,2.7801559135837416e-05,0.00038254658613033415,76.82759598572727,0.41643893456820114,1.5496168733652358,0.00038254658613033415,0.0009186138815934455
42,dp_fisher_wiener_adaptive_beta_lr1p00,1.0,1050,21,21,fc2,0.014238793434646218,20,0.1801418520036577,0.0025650021262604026,0.0019992574571943726,0.016654030903471485,0.0001960850859840725,0.004906934693250912,0.008538654992674513,11.014864940550122,0.7794369590286278,1.1326859211395597,0.008538654992674513,0.010954901347397997
42,dp_fisher_wiener_adaptive_beta_lr1p00,1.0,1100,22,22,conv1,0.060920177069441694,21,0.0005028053227389,3.063098971580247e-05,2.897766524762257e-08,0.010698839075520519,0.0037190740335137653,0.034412513476211555,0.00028802397196562657,0.04608383551450025,0.0009460244515923379,32.51238426135828,0.00028802397196562657,0.304457217232417
42,dp_fisher_wiener_adaptive_beta_lr1p00,1.0,1100,22,22,conv2,0.031887469541297536,21,0.0120348207759581,0.00038375999269619874,2.1491460190610107e-05,0.00380184243798726,0.00013437509626892724,0.001857533006985302,0.0006830945232202557,3.1695585877419865,0.056002346778299246,4.225682732243984,0.0006830945232202557,0.012197605324013901
42,dp_fisher_wiener_adaptive_beta_lr1p00,1.0,1100,22,22,fc1,0.001024865096430501,21,5.600792583637485,0.005739764047057795,0.0019305728034147108,0.0007921611009978968,1.3632988364709395e-06,1.917075370778273e-05,0.00029737989477689604,59.72339902783358,0.336350551623167,1.72426466293441,0.00029737989477689604,0.0008841367833107284
42,dp_fisher_wiener_adaptive_beta_lr1p00,1.0,1100,22,22,fc2,0.01188951616568277,21,0.1755062099296012,0.0020866823824454437,0.0015674779385044604,0.01523811740714359,0.00016412820816625982,0.0042480544345670284,0.00788212603002732,10.167942578735243,0.7511818529217118,1.1537918214048195,0.00788212603002732,0.010492966515857507
42,dp_fisher_wiener_adaptive_beta_lr1p00,1.0,1150,23,23,conv1,0.016470722436349283,22,0.0005026690316295,8.279321813746e-06,6.060359513064411e-10,0.002950067282364739,0.0010062998268999272,0.009546793145877468,2.219206808028843e-05,0.0035507308928461488,7.319874319902038e-05,116.88214895625548,2.219206808028843e-05,0.3031755343114338
42,dp_fisher_wiener_adaptive_beta_lr1p00,1.0,1150,23,23,conv2,0.031887469541297536,22,0.0121119481968761,0.000386219288126382,2.1923656044949912e-05,0.0038192242986374598,0.00013467273378971743,0.0018428732204903411,0.0006908084492476046,3.2053512045088857,0.056764788085301075,4.197207976707147,0.0006908084492476046,0.01216966490228976
42,dp_fisher_wiener_adaptive_beta_lr1p00,1.0,1150,23,23,fc1,0.0007495125391801746,22,5.87323598505418,0.004401844225246036,0.0012184662065649937,0.0006696451073293849,1.0018634893835345e-06,1.4024595991652485e-05,0.0002408948562887601,48.37939577818427,0.2768081159202968,1.9006869388125713,0.0002408948562887601,0.0008702593689779044
42,dp_fisher_wiener_adaptive_beta_lr1p00,1.0,1150,23,23,fc2,0.009485900185918187,22,0.1806917750961574,0.001714022470473008,0.0012283093502764224,0.014238436443055483,0.0001363366887121094,0.0035676304036109,0.007390433861547259,9.533659681395964,0.7166238316219119,1.1812841495410948,0.007390433861547259,0.010312849692454025
