seed,run_id,method,learning_rate,interval_index,start_step,end_step,n_steps,layer,trace_F,oracle_signal_energy_sum,noisy_energy_sum,expected_noise_energy_sum,noise_debiased_energy_sum,beta_oracle,beta_dp_raw,beta_dp_positive,beta_dp_negative,estimated_signal_energy_positive,estimated_energy_to_noise_ratio,oracle_estimator_sd,oracle_observability_snr,conditional_variance_sum,sample_count
91,dp_sgd_lr0p10,dp_sgd,0.1,0,0,49,50,conv1,0.02513355683726442,0.021558811149319488,0.1602047573189629,0.13926637620897964,0.020938381109983254,0.8577700040192954,0.8330846782075364,0.8330846782075364,False,0.020938381109983254,0.1503477126339045,0.10026112077181029,8.555360213826217,6.349989637664999e-06,50
91,dp_sgd_lr0p10,dp_sgd,0.1,1,50,99,50,conv1,0.02512899557161434,0.0767418699653844,0.21619876890204132,0.13926637620897964,0.07693239269306155,3.0539171271959575,3.0614989156177903,3.0614989156177903,False,0.07693239269306155,0.55241182248518,0.1270476247814441,24.03757749404143,1.0192561952385172e-05,50
91,dp_sgd_lr0p10,dp_sgd,0.1,2,100,149,50,conv1,0.025133167269761336,0.07878237726938157,0.21981982559455424,0.13926637620897964,0.08055344938557457,3.1345980561776483,3.20506558210399,3.20506558210399,False,0.08055344938557457,0.5784127624899184,0.12790886449083674,24.50649583635716,1.0334648981312996e-05,50
91,dp_sgd_lr0p10,dp_sgd,0.1,3,150,199,50,conv1,0.02513502033512638,0.043136912352455835,0.1792701752406954,0.13926637620897964,0.04000379903171577,1.7162075772093837,1.591556262869227,1.591556262869227,False,0.04000379903171577,0.28724664287523227,0.11148742440499163,15.393732393479016,7.852541617680712e-06,50
91,dp_sgd_lr0p10,dp_sgd,0.1,4,200,249,50,conv1,0.02512982449477119,0.023277648273742346,0.162150920075889,0.13926637620897964,0.022884543866909298,0.9262956961193967,0.9106527533318399,0.9106527533318399,False,0.022884543866909298,0.16432210336545988,0.10121662897275908,9.151615748511652,6.469677746470916e-06,50
91,dp_sgd_lr0p10,dp_sgd,0.1,5,250,299,50,conv1,0.025135296941025675,0.012324753991162075,0.15287092997476703,0.13926637620897964,0.013604553765787326,0.49033651840594283,0.5412529558615262,0.5412529558615262,False,0.013604553765787326,0.0976872819988867,0.09504289185052525,5.15910773161593,5.706992798603413e-06,50
91,dp_sgd_lr0p10,dp_sgd,0.1,6,300,349,50,conv1,0.025133879195808964,0.007303491598412345,0.14859247581547722,0.13926637620897964,0.009326099606497634,0.29058354030881917,0.3710569122196126,0.3710569122196126,False,0.009326099606497634,0.06696590993676863,0.09209060715957998,3.155409103429773,5.357346289887073e-06,50
91,dp_sgd_lr0p10,dp_sgd,0.1,7,350,399,50,conv1,0.02513245301597744,0.004896065734633897,0.14490645061619536,0.13926637620897964,0.00564007440721577,0.19481049985535928,0.22441400382327217,0.22441400382327217,False,0.00564007440721577,0.04049846460219455,0.09064349593165667,2.1491944651933585,5.189709551866972e-06,50
91,dp_sgd_lr0p10,dp_sgd,0.1,8,400,449,50,conv1,0.02513124429561614,0.0035827814735316537,0.14202029778767866,0.13926637620897964,0.0027539215786990326,0.1425628365785545,0.10958158483141334,0.10958158483141334,False,0.0027539215786990326,0.019774490107696868,0.08984565038416609,1.586752791038481,5.098261381878975e-06,50
91,dp_sgd_lr0p10,dp_sgd,0.1,9,450,499,50,conv1,0.02513581354772615,0.0029228796897673892,0.14172597984176274,0.13926637620897964,0.002459603632783112,0.11628347275164287,0.09785255719346367,0.09785255719346367,False,0.002459603632783112,0.01766114477678827,0.08942358205510244,1.3003669728151759,5.052310316839628e-06,50
91,dp_sgd_lr0p10,dp_sgd,0.1,10,500,549,50,conv1,0.025141952258375677,0.0023406617829105953,0.1428020760052553,0.13926637620897964,0.003535699796275699,0.09309785329541534,0.14062948493181676,0.14062948493181676,False,0.003535699796275699,0.0253880361685058,0.08904232865131506,1.0455460303008572,5.011768627813668e-06,50
91,dp_sgd_lr0p10,dp_sgd,0.1,11,550,599,50,conv1,0.02513764392269094,0.0018443367755515212,0.14384641639684254,0.13926637620897964,0.004580040187862921,0.07336951630087726,0.18219846704601725,0.18219846704601725,False,0.004580040187862921,0.03288690574498284,0.08874999194169617,0.8266988498801373,4.977207935215269e-06,50
91,dp_sgd_lr0p10,dp_sgd,0.1,12,600,649,50,conv1,0.025139581811396347,0.0014949356744361412,0.13992457955496448,0.13926637620897964,0.0006582033459848454,0.05946541536178031,0.026181952863132622,0.026181952863132622,False,0.0006582033459848454,0.00472621866022015,0.08852598488847191,0.6717283677511359,4.952878022617384e-06,50
91,dp_sgd_lr0p10,dp_sgd,0.1,13,650,699,50,conv1,0.02513385817274061,0.0012970253123397058,0.1379755890002047,0.13926637620897964,-0.001290787208774897,0.05160470403809386,-0.05135650881386942,0.0,True,0.0,0.0,0.0884228712101714,0.5836126254050473,4.939096893145698e-06,50
91,dp_sgd_lr0p10,dp_sgd,0.1,14,700,749,50,conv1,0.02513081434338607,0.0009935031429578786,0.14027736868375007,0.13926637620897964,0.0010109924747704916,0.03953326499423003,0.0402291967524946,0.0402291967524946,False,0.0010109924747704916,0.007259415390016052,0.08824416709168402,0.4479986188067927,4.917961676831251e-06,50
91,dp_sgd_lr0p10,dp_sgd,0.1,15,750,799,50,conv1,0.02512968186075132,0.0008103388662051602,0.13676535770413176,0.13926637620897964,-0.0025010185048478456,0.03224628432207828,-0.09952447940672302,0.0,True,0.0,0.0,0.08813363757110551,0.3658794212393582,4.905207364294105e-06,50
91,dp_sgd_lr0p10,dp_sgd,0.1,16,800,849,50,conv1,0.025135469850032927,0.0007085215109783934,0.13976359460952875,0.13926637620897964,0.000497218400549141,0.028188114851470155,0.019781543910486702,0.019781543910486702,False,0.000497218400549141,0.003570268819226381,0.08804964141738174,0.32013889419483316,4.898117497245299e-06,50
91,dp_sgd_lr0p10,dp_sgd,0.1,17,850,899,50,conv1,0.025135475857740452,0.0006272015528201172,0.13986597058700165,0.13926637620897964,0.0005995943780220223,0.02495284180693046,0.02385450673046946,0.02385450673046946,False,0.0005995943780220223,0.004305377897662682,0.08799870988055478,0.2835591774984688,4.892454929302213e-06,50
91,dp_sgd_lr0p10,dp_sgd,0.1,18,900,949,50,conv1,0.025137849364392437,0.0005630655528173342,0.1372380159644392,0.13926637620897964,-0.0020283602445404234,0.022399113967757005,-0.08068948998531193,0.0,True,0.0,0.0,0.08795023163561078,0.25467941971474367,4.887988935149753e-06,50
91,dp_sgd_lr0p10,dp_sgd,0.1,19,950,999,50,conv1,0.025131229096712372,0.0004856314036312746,0.14127683282040718,0.13926637620897964,0.0020104566114275283,0.019323822235769762,0.07999834006091382,0.07999834006091382,False,0.0020104566114275283,0.01443605173151236,0.0879248646508946,0.21977653651195106,4.882596948473767e-06,50
91,dp_sgd_lr0p10,dp_sgd,0.1,20,1000,1049,50,conv1,0.025141574136620937,0.000417315409340158,0.1394531820364725,0.13926637620897964,0.00018680582749286195,0.016598618967628643,0.00743015638073205,0.00743015638073205,False,0.00018680582749286195,0.001341356274045678,0.08784586115616053,0.18895163347475355,4.8778398879927485e-06,50
91,dp_sgd_lr0p10,dp_sgd,0.1,21,1050,1099,50,conv1,0.02513252018900014,0.00035530584771977116,0.14055619457043794,0.13926637620897964,0.0012898183614583067,0.014137294829480706,0.05132069333909566,0.05132069333909566,False,0.0012898183614583067,0.009261520235965472,0.08783860374502576,0.16094626075286264,4.873521964524159e-06,50
91,dp_sgd_lr0p10,dp_sgd,0.1,22,1100,1149,50,conv1,0.025138791970460636,0.00033754751810510385,0.13691140467440266,0.13926637620897964,-0.0023549715345769673,0.01342735635434429,-0.0936787868464077,0.0,True,0.0,0.0,0.08780554756175828,0.15292150348795336,4.87228539541768e-06,50
91,dp_sgd_lr0p10,dp_sgd,0.1,23,1150,1169,20,conv1,0.010056253214917321,0.00011868740467931431,0.055600774415134765,0.055706550483591855,-0.00010577606845707695,0.011802348463466979,-0.010518437254560182,0.0,True,0.0,0.0,0.1387820854389413,0.08504230511098106,1.947776936613773e-06,20
91,dp_sgd_lr0p10,dp_sgd,0.1,0,0,49,50,conv2,0.32717215677458,0.07498845171111035,4.121286272678679,4.0387249100604095,0.08256136261827045,0.22920181365793002,0.2523483765617464,0.2523483765617464,False,0.08256136261827045,0.020442432811551677,0.03691106085371625,6.209569932075621,0.0001458363306459268,50
91,dp_sgd_lr0p10,dp_sgd,0.1,1,50,99,50,conv2,0.33809710448894914,0.14417078707049433,4.173139692840732,4.0387249100604095,0.13441478278032293,0.42641828384900177,0.39756265580415917,0.39756265580415917,False,0.13441478278032293,0.033281490018164946,0.03630349810905704,11.745928244491017,0.00015065371721751465,50
91,dp_sgd_lr0p10,dp_sgd,0.1,2,100,149,50,conv2,0.37455727388092663,0.11458104900144891,4.148548172035553,4.0387249100604095,0.10982326197514287,0.3059106229982727,0.29320819440301715,0.29320819440301715,False,0.10982326197514287,0.027192558151595672,0.03254478171240438,9.3996827410203,0.00014859328942059026,50
91,dp_sgd_lr0p10,dp_sgd,0.1,3,150,199,50,conv2,0.4240625844890822,0.057070606137248556,4.0991748939240376,4.0387249100604095,0.06044998386362731,0.13458062140994634,0.14254967562502238,0.14254967562502238,False,0.06044998386362731,0.014967591309086746,0.028355489666134447,4.7461928177939114,0.00014458865393465482,50
91,dp_sgd_lr0p10,dp_sgd,0.1,4,200,249,50,conv2,0.463147778531936,0.029243991784230202,4.082789680898589,4.0387249100604095,0.04406477083818032,0.06314181593815786,0.09514192419934465,0.09514192419934465,False,0.04406477083818032,0.010910565047003983,0.02578800952575944,2.448495137620568,0.00014265099806310007,50
91,dp_sgd_lr0p10,dp_sgd,0.1,5,250,299,50,conv2,0.49833569694713864,0.015844975001276792,4.055112402724114,4.0387249100604095,0.016387492663705747,0.03179578564880043,0.03288444469079257,0.03288444469079257,False,0.016387492663705747,0.004057590707126565,0.02388858807234025,1.3310031363000874,0.00014171798180703742,50
91,dp_sgd_lr0p10,dp_sgd,0.1,6,300,349,50,conv2,0.5260518916024637,0.009857823855835297,4.027832825081466,4.0387249100604095,-0.010892084978941674,0.018739261303302817,-0.020705343242397842,0.0,True,0.0,0.0,0.02259665474310612,0.8292936062762918,0.0001413010773851169,50
91,dp_sgd_lr0p10,dp_sgd,0.1,7,350,399,50,conv2,0.5494630797547861,0.006702794433337359,4.0632977056841595,4.0387249100604095,0.02457279562374931,0.012198807672989921,0.04472146815526829,0.04472146815526829,False,0.02457279562374931,0.006084295457344154,0.021617045543449728,0.5643142883434922,0.00014108138262786493,50
91,dp_sgd_lr0p10,dp_sgd,0.1,8,400,449,50,conv2,0.570355860051297,0.005161305394849625,4.047040905945988,4.0387249100604095,0.008315995885578437,0.009049272141054927,0.014580363713332423,0.014580363713332423,False,0.008315995885578437,0.002059064697588425,0.020817265003282022,0.4347003383417663,0.00014097404383168688,50
91,dp_sgd_lr0p10,dp_sgd,0.1,9,450,499,50,conv2,0.5855740417341382,0.004282500079672846,4.052158248771932,4.0387249100604095,0.013433338711523135,0.007313336614086427,0.02294046141755397,0.02294046141755397,False,0.013433338711523135,0.003326133621544152,0.020271854605940463,0.36076307548667763,0.000140912849815868,50
91,dp_sgd_lr0p10,dp_sgd,0.1,10,500,549,50,conv2,0.5981467280447905,0.003609267186940855,4.0234835795011055,4.0387249100604095,-0.015241330559303781,0.006034083307182423,-0.02548092273132434,0.0,True,0.0,0.0,0.019842450902333848,0.30409969697615374,0.0001408659704632102,50
91,dp_sgd_lr0p10,dp_sgd,0.1,11,550,599,50,conv2,0.6111597883684539,0.003026866527358224,4.02431673066675,4.0387249100604095,-0.014408179393659987,0.0049526598198463235,-0.023575142978768154,0.0,True,0.0,0.0,0.019417161805121107,0.2550661043631336,0.0001408254160485293,50
91,dp_sgd_lr0p10,dp_sgd,0.1,12,600,649,50,conv2,0.6239285679313089,0.0026312145649168926,4.039444260349757,4.0387249100604095,0.0007193502893477616,0.004217172766492998,0.0011529369327210517,0.0011529369327210517,False,0.0007193502893477616,0.00017811321775238801,0.01901792648730258,0.2217472429997272,0.0001407978655410047,50
91,dp_sgd_lr0p10,dp_sgd,0.1,13,650,699,50,conv2,0.6342785135915463,0.0023126702599859305,4.036207969965018,4.0387249100604095,-0.002516940095391204,0.0036461431538814685,-0.00396819384774561,0.0,True,0.0,0.0,0.01870612464026167,0.19491707789227106,0.00014077568428549984,50
91,dp_sgd_lr0p10,dp_sgd,0.1,14,700,749,50,conv2,0.6458425158758829,0.002009998570829035,4.039725345147557,4.0387249100604095,0.0010004350871471862,0.0031122116017758632,0.0015490387556638472,0.0015490387556638472,False,0.0010004350871471862,0.00024771062883111153,0.018369810659352073,0.16941990634641044,0.0001407546082908349,50
91,dp_sgd_lr0p10,dp_sgd,0.1,15,750,799,50,conv2,0.6565749168530033,0.0018462825680771525,4.053329670507468,4.0387249100604095,0.014604760447058246,0.0028119907122350607,0.022243859873690576,0.022243859873690576,False,0.014604760447058246,0.003616181040375978,0.018068805204817812,0.15562682092803617,0.00014074320822361953,50
91,dp_sgd_lr0p10,dp_sgd,0.1,16,800,849,50,conv2,0.6631510346433722,0.0016030389913247699,4.037232276366909,4.0387249100604095,-0.0014926336934999312,0.0024173060246929245,-0.002250820123205623,0.0,True,0.0,0.0,0.017888549926515902,0.13513146870011944,0.0001407262703978844,50
91,dp_sgd_lr0p10,dp_sgd,0.1,17,850,899,50,conv2,0.6703649782098253,0.0015083752106389277,4.033525201402875,4.0387249100604095,-0.005199708657534358,0.0022500805675543566,-0.007756533868192083,0.0,True,0.0,0.0,0.017695632889844052,0.1271545686649442,0.00014071967865703718,50
91,dp_sgd_lr0p10,dp_sgd,0.1,18,900,949,50,conv2,0.6760862279276414,0.001494198542033415,4.0485736925107885,4.0387249100604095,0.009848782450378374,0.0022100709647842917,0.01456734665423838,0.01456734665423838,False,0.009848782450378374,0.002438587096101235,0.01754582545528629,0.12595993105179643,0.00014071869149040548,50
91,dp_sgd_lr0p10,dp_sgd,0.1,19,950,999,50,conv2,0.684538980660665,0.0012776507628137622,4.0340290744952805,4.0387249100604095,-0.004695835565128856,0.001866439748370021,-0.006859851225122041,0.0,True,0.0,0.0,0.017328239435526704,0.10771087017549712,0.00014070361257816148,50
91,dp_sgd_lr0p10,dp_sgd,0.1,20,1000,1049,50,conv2,0.6957314749248766,0.0012618366908429613,4.070217169696343,4.0387249100604095,0.03149225963593458,0.001813683491866185,0.045264963237914506,0.045264963237914506,False,0.03149225963593458,0.007797574813149562,0.017049406804539487,0.10637809939685261,0.00014070251139391326,50
91,dp_sgd_lr0p10,dp_sgd,0.1,21,1050,1099,50,conv2,0.7020539890117972,0.0011231749344325173,4.030647794119148,4.0387249100604095,-0.008077115941261759,0.0015998412543933905,-0.011504978345940333,0.0,True,0.0,0.0,0.016895284584359484,0.09469158369414263,0.00014069285593374623,50
91,dp_sgd_lr0p10,dp_sgd,0.1,22,1100,1149,50,conv2,0.7053324313287868,0.0011285773581825322,4.044414161253305,4.0387249100604095,0.0056892511928948175,0.0016000644633005004,0.008066056429840818,0.008066056429840818,False,0.0056892511928948175,0.0014086750941421041,0.01681677641454193,0.09514691898857115,0.0001406932321217354,50
91,dp_sgd_lr0p10,dp_sgd,0.1,23,1150,1169,20,conv2,0.28408349498547647,0.00039298152650503443,1.6177758704821172,1.6154899640241638,0.0022859064579536514,0.0013833310749895036,0.008046600729375413,0.008046600729375413,False,0.0022859064579536514,0.0014149926702472816,0.026406138199716,0.05238672403884889,5.6273222829461746e-05,20
91,dp_sgd_lr0p10,dp_sgd,0.1,0,0,49,50,fc1,4.292670909152108,0.43982506867475746,175.30676451486443,174.80715541751124,0.4996090973532272,0.10245953579554323,0.11638653601142476,0.11638653601142476,False,0.4996090973532272,0.002858058619854278,0.01821944401115856,5.623636798766066,0.006116816189339274,50
91,dp_sgd_lr0p10,dp_sgd,0.1,1,50,99,50,fc1,6.805879576745699,0.4043903717562845,175.16208672532355,174.80715541751124,0.35493130781238413,0.059417797096793165,0.05215068879930111,0.05215068879930111,False,0.35493130781238413,0.0020304163577552674,0.011489227870555875,5.171609246979779,0.006114348758423324,50
91,dp_sgd_lr0p10,dp_sgd,0.1,2,100,149,50,fc1,15.027724082272442,0.3052913330554949,175.03827830695204,174.80715541751124,0.23112288944076376,0.020315207504750098,0.01537976663501624,0.01537976663501624,False,0.23112288944076376,0.001322159203888114,0.005200399198740627,3.9064707781295898,0.006107448176420497,50
91,dp_sgd_lr0p10,dp_sgd,0.1,3,150,199,50,fc1,30.61997689575975,0.2189613356857337,175.11011508411354,174.80715541751124,0.3029596666022911,0.0071509307936824555,0.009894183383405654,0.009894183383405654,False,0.3029596666022911,0.0017331079261526643,0.002551004342395122,2.8031825249175033,0.006101436743474589,50
91,dp_sgd_lr0p10,dp_sgd,0.1,4,200,249,50,fc1,49.0740288421982,0.18211015762324131,175.04747148462434,174.80715541751124,0.2403160671130844,0.00371092738704687,0.004897011164211554,0.004897011164211554,False,0.2403160671130844,0.0013747496007192018,0.001591376712419933,2.3318975061261518,0.00609887067846069,50
91,dp_sgd_lr0p10,dp_sgd,0.1,5,250,299,50,fc1,67.78051588872955,0.14961926409068005,175.03997952913724,174.80715541751124,0.23282411162601058,0.002207408163376911,0.003434971076470137,0.003434971076470137,False,0.23282411162601058,0.001331891197874193,0.0011519649734004686,1.9162111820401897,0.006096608233959657,50
91,dp_sgd_lr0p10,dp_sgd,0.1,6,300,349,50,fc1,84.35788676273148,0.13652731641121862,175.0998405450118,174.80715541751124,0.2926851275005551,0.0016184297835153346,0.003469564479771447,0.003469564479771447,False,0.2926851275005551,0.001674331504345467,0.0009255203656531984,1.7486700925833845,0.006095696599904238,50
91,dp_sgd_lr0p10,dp_sgd,0.1,7,350,399,50,fc1,99.94437556405842,0.10595275119052489,174.88065609200683,174.80715541751124,0.07350067449561193,0.001060117196115908,0.0007354158158555141,0.0007354158158555141,False,0.07350067449561193,0.000420467196094243,0.0007810475197483156,1.3573017893250958,0.00609356759545301,50
91,dp_sgd_lr0p10,dp_sgd,0.1,8,400,449,50,fc1,113.1776286234107,0.10631688288687866,174.96594444751796,174.80715541751124,0.1587890300067265,0.0009393807255022049,0.0014030072191659362,0.0014030072191659362,False,0.1587890300067265,0.0009083668779316969,0.0006897252575882264,1.3619636444443264,0.006093592951103917,50
91,dp_sgd_lr0p10,dp_sgd,0.1,9,450,499,50,fc1,124.97041224530392,0.09371371446353427,174.8387465872339,174.80715541751124,0.031591169722715584,0.0007498872155401392,0.0002527891934989012,0.0002527891934989012,False,0.031591169722715584,0.00018072011781933482,0.0006245946240174062,1.2005982547644025,0.006092715352306383,50
91,dp_sgd_lr0p10,dp_sgd,0.1,10,500,549,50,fc1,137.28086283800565,0.09834640485662813,174.79687752023293,174.80715541751124,-0.010277897278283987,0.0007163883065965209,-7.486766229326607e-05,0.0,True,0.0,0.0,0.0005686001122610764,1.2599158725779567,0.006093037941307955,50
91,dp_sgd_lr0p10,dp_sgd,0.1,11,550,599,50,fc1,149.17129721987266,0.09938240570232508,174.93543024623372,174.80715541751124,0.1282748287225406,0.000666230082827793,0.0008599162916272593,0.0008599162916272593,False,0.1282748287225406,0.0007338076545903795,0.0005232801320862122,1.2731805432075713,0.006093110081349721,50
91,dp_sgd_lr0p10,dp_sgd,0.1,12,600,649,50,fc1,158.19285661152662,0.09090765905065876,174.87260088538122,174.80715541751124,0.06544546787002359,0.0005746634898559309,0.0004137068466418663,0.0004137068466418663,False,0.06544546787002359,0.0003743866646288739,0.0004934141634351776,1.1646676006374135,0.006092519957721987,50
91,dp_sgd_lr0p10,dp_sgd,0.1,13,650,699,50,fc1,165.63530036490306,0.07893491409132575,174.89040447065756,174.80715541751124,0.0832490531463943,0.00047655852295632687,0.0005026045351624465,0.0005026045351624465,False,0.0832490531463943,0.0004762336698835978,0.0004712114818306723,1.0113474338502373,0.006091686257320107,50
91,dp_sgd_lr0p10,dp_sgd,0.1,14,700,749,50,fc1,175.8445908220665,0.08506000351683644,174.79496939279304,174.80715541751124,-0.01218602471821173,0.00048372260482500086,-6.929996914458697e-05,0.0,True,0.0,0.0,0.00044386914164142467,1.089786514624554,0.006092112766824232,50
91,dp_sgd_lr0p10,dp_sgd,0.1,15,750,799,50,fc1,187.45510061307868,0.08319751520848478,174.94844658175435,174.80715541751124,0.14129116424307808,0.0004438263612800308,0.0007537333675156356,0.0007537333675156356,False,0.14129116424307808,0.0008082687685502117,0.00041637254218191593,1.0659357097578048,0.006091983075825512,50
91,dp_sgd_lr0p10,dp_sgd,0.1,16,800,849,50,fc1,193.57597648546516,0.07672210748207305,174.97009313658282,174.80715541751124,0.1629377190715826,0.0003963410588184934,0.0008417248980470309,0.0008417248980470309,False,0.1629377190715826,0.0009320998255615997,0.0004031919127548538,0.9830084539775825,0.006091532172541247,50
91,dp_sgd_lr0p10,dp_sgd,0.1,17,850,899,50,fc1,202.27884143784536,0.07136612197406042,174.78545128018368,174.80715541751124,-0.021704137327539286,0.0003528106126511963,-0.00010729810974425795,0.0,True,0.0,0.0,0.00038583313201104086,0.9144124321510525,0.006091159218194879,50
91,dp_sgd_lr0p10,dp_sgd,0.1,18,900,949,50,fc1,208.14074912855176,0.07687298066092649,174.81541050789636,174.80715541751124,0.008255090385142605,0.00036933171895834894,3.9661096732404386e-05,3.9661096732404386e-05,False,0.008255090385142605,4.722398442687322e-05,0.0003749786423485381,0.9849406799289803,0.00609154267832169,50
91,dp_sgd_lr0p10,dp_sgd,0.1,19,950,999,50,fc1,215.86298178417564,0.06431020789319393,175.00979132803835,174.80715541751124,0.20263591052708252,0.00029792142849899403,0.0009387246893943223,0.0009387246893943223,False,0.20263591052708252,0.001159196887811049,0.00036153828020963794,0.8240384070047173,0.006090667892402439,50
91,dp_sgd_lr0p10,dp_sgd,0.1,20,1000,1049,50,fc1,224.99502182259334,0.06699486628061758,174.90137162493554,174.80715541751124,0.09421620742432157,0.0002977615492908215,0.0004187479645599015,0.0004187479645599015,False,0.09421620742432157,0.0005389722588831908,0.0003468695806665354,0.8584250850559859,0.0060908548337249265,50
91,dp_sgd_lr0p10,dp_sgd,0.1,21,1050,1099,50,fc1,231.99536058650665,0.06062619486747589,174.81291004789048,174.80715541751124,0.005754630379235071,0.0002613250313032425,2.4804937325844835e-05,2.4804937325844835e-05,False,0.005754630379235071,3.2919878854447456e-05,0.0003363907254895946,0.7768496914400699,0.006090411362830438,50
91,dp_sgd_lr0p10,dp_sgd,0.1,22,1100,1149,50,fc1,238.63443683221703,0.06642017712011414,174.96768727510482,174.80715541751124,0.16053185759356037,0.00027833441812429575,0.0006727103586748032,0.0006727103586748032,False,0.16053185759356037,0.0009183368793465204,0.00032704279201941185,0.8510642182390843,0.0060908148162865106,50
91,dp_sgd_lr0p10,dp_sgd,0.1,23,1150,1169,20,fc1,97.30701909069808,0.021601783979098406,69.88309624750032,69.9228621670045,-0.03976591950417596,0.0002219961538330938,-0.00040866445068172197,0.0,True,0.0,0.0,0.0005072157143746519,0.4376760173968457,0.0024359801081268785,20
91,dp_sgd_lr0p10,dp_sgd,0.1,0,0,49,50,fc2,0.010381237403215941,0.057553838017007614,1.16533305573622,1.1228351581848983,0.042497897551321766,5.544024838424209,4.093721769444999,4.093721769444999,False,0.042497897551321766,0.03784874141274951,0.6324035718589638,8.766593175223413,4.310095311888541e-05,50
91,dp_sgd_lr0p10,dp_sgd,0.1,1,50,99,50,fc2,0.02008182883249353,0.09732186256222095,1.223370707177851,1.1228351581848983,0.10053554899295294,4.84626491810092,5.00629448799408,5.00629448799408,False,0.10053554899295294,0.08953722927182167,0.33725757452980165,14.36962512673174,4.587012745258624e-05,50
91,dp_sgd_lr0p10,dp_sgd,0.1,2,100,149,50,fc2,0.07172818251771351,0.10103509409217581,1.2251509166401269,1.1228351581848983,0.10231575845522844,1.4085829383342434,1.4264373481087609,1.4264373481087609,False,0.10231575845522844,0.09112268858817554,0.09468817400890046,14.876017547606397,4.6128691602187096e-05,50
91,dp_sgd_lr0p10,dp_sgd,0.1,3,150,199,50,fc2,0.22123382119605406,0.08166157432144479,1.2010449762658777,1.1228351581848983,0.07820981808097963,0.36911885298531066,0.3535165539254112,0.3535165539254112,False,0.07820981808097963,0.06965387351010528,0.030247454687177173,12.203302947172041,4.4779651655745735e-05,50
91,dp_sgd_lr0p10,dp_sgd,0.1,4,200,249,50,fc2,0.4586637704235841,0.07494013175414406,1.1888080728593196,1.1228351581848983,0.06597291467442074,0.1633879468721402,0.14383720478618484,0.14383720478618484,False,0.06597291467442074,0.05875565455307746,0.014513239374291097,11.257855164758473,4.4311616181123354e-05,50
91,dp_sgd_lr0p10,dp_sgd,0.1,5,250,299,50,fc2,0.7275850975188347,0.06644454684703063,1.1937193018353351,1.1228351581848983,0.07088414365043687,0.09132202827355272,0.09742385308902224,0.09742385308902224,False,0.07088414365043687,0.06312960823649341,0.00908775243487024,10.048912414163913,4.3720041519228676e-05,50
91,dp_sgd_lr0p10,dp_sgd,0.1,6,300,349,50,fc2,0.9805402514922512,0.05909938298995112,1.1759708695339561,1.1228351581848983,0.05313571134905788,0.06027226613084956,0.05419023978688527,0.05419023978688527,False,0.05313571134905788,0.047322806880135695,0.006703776739444156,8.99079257323482,4.3208574342710344e-05,50
91,dp_sgd_lr0p10,dp_sgd,0.1,7,350,399,50,fc2,1.211638192745479,0.04681464758097562,1.16899095404628,1.1228351581848983,0.04615579586138133,0.038637480942142664,0.03809371158629116,0.03809371158629116,False,0.04615579586138133,0.041106475447342285,0.005371182374752212,7.193477755995251,4.235314905116328e-05,50
91,dp_sgd_lr0p10,dp_sgd,0.1,8,400,449,50,fc2,1.4181887139308458,0.04578433391352924,1.1715419494149557,1.1228351581848983,0.04870679123005757,0.032283668219744266,0.034344365282004796,0.034344365282004796,False,0.04870679123005757,0.04337839875690248,0.004585014151206695,7.0411272790205315,4.228140502575136e-05,50
91,dp_sgd_lr0p10,dp_sgd,0.1,9,450,499,50,fc2,1.6265725450388624,0.040623488026291676,1.1658509451719268,1.1228351581848983,0.04301578698702875,0.02497490084299996,0.026445661534266834,0.026445661534266834,False,0.04301578698702875,0.038309975131636365,0.003980592868631803,6.274166101219894,4.192203887330707e-05,50
91,dp_sgd_lr0p10,dp_sgd,0.1,10,500,549,50,fc2,1.8376916490792539,0.04304829492332251,1.1728155568522904,1.1228351581848983,0.04998039866739227,0.0234252002749706,0.027197380307209945,0.027197380307209945,False,0.04998039866739227,0.044512676952637276,0.0035303794912437928,6.635320743689852,4.209088590808507e-05,50
91,dp_sgd_lr0p10,dp_sgd,0.1,11,550,599,50,fc2,2.0549339675563605,0.04276647871080429,1.1495598326757062,1.1228351581848983,0.026724674490807572,0.020811607275955612,0.013005125669603589,0.013005125669603589,False,0.026724674490807572,0.023801066697969383,0.003156420821610419,6.593419714586325,4.2071262146747897e-05,50
91,dp_sgd_lr0p10,dp_sgd,0.1,12,600,649,50,fc2,2.170198565646153,0.036869760053137544,1.1577183035544294,1.1228351581848983,0.034883145369530584,0.016989118247877917,0.01607371137449098,0.01607371137449098,False,0.034883145369530584,0.031067022719425103,0.0029741548326374487,5.71225077417109,4.1660654827259336e-05,50
91,dp_sgd_lr0p10,dp_sgd,0.1,13,650,699,50,fc2,2.285520440441058,0.03200532329331281,1.1599793121187956,1.1228351581848983,0.037144153933897535,0.014003516541351275,0.016251945629823152,0.016251945629823152,False,0.037144153933897535,0.033080683004181356,0.002812581926457182,4.978883070903459,4.132192858734006e-05,50
91,dp_sgd_lr0p10,dp_sgd,0.1,14,700,749,50,fc2,2.4681720598032086,0.034464807099110484,1.155841634107755,1.1228351581848983,0.033006475922856326,0.013963697126471166,0.013372842380157235,0.013372842380157235,False,0.033006475922856326,0.029395655882545602,0.002609834585789204,5.350414620271872,4.149319028582912e-05,50
91,dp_sgd_lr0p10,dp_sgd,0.1,15,750,799,50,fc2,2.675665826503426,0.03337885396905322,1.159323833538384,1.1228351581848983,0.0364886753534855,0.012474971141173066,0.013637231896469332,0.013637231896469332,False,0.0364886753534855,0.03249691202441345,0.002405251230894733,5.186556389200724,4.141757190725117e-05,50
91,dp_sgd_lr0p10,dp_sgd,0.1,16,800,849,50,fc2,2.7438672999963387,0.031558894155718116,1.159628624467359,1.1228351581848983,0.036793466282460746,0.011501610940062672,0.013409346101580729,0.013409346101580729,False,0.036793466282460746,0.03276835964230571,0.0023418753055901072,4.911282385878518,4.1290842303226603e-05,50
91,dp_sgd_lr0p10,dp_sgd,0.1,17,850,899,50,fc2,2.9272275837530257,0.02952475632658531,1.151466002690669,1.1228351581848983,0.028630844505770987,0.010086252428904536,0.009780874116068254,0.009780874116068254,False,0.028630844505770987,0.025498706820000393,0.002191412844801405,4.602625402719495,4.114919880114015e-05,50
91,dp_sgd_lr0p10,dp_sgd,0.1,18,900,949,50,fc2,3.0169857949987833,0.030134050396468916,1.1492710789525407,1.1228351581848983,0.02643592076764235,0.009988131348321801,0.008762361696055983,0.008762361696055983,False,0.02643592076764235,0.023543901858535835,0.0021273120585365026,4.695188609814789,4.119162588971928e-05,50
91,dp_sgd_lr0p10,dp_sgd,0.1,19,950,999,50,fc2,3.185587834225956,0.025322302150230475,1.1478834552647263,1.1228351581848983,0.025048297079827853,0.007949020233618317,0.00786300625922442,0.00786300625922442,False,0.025048297079827853,0.022308080484669698,0.002006510145217006,3.961614772454849,4.085656851897753e-05,50
91,dp_sgd_lr0p10,dp_sgd,0.1,20,1000,1049,50,fc2,3.3408698093635003,0.026030950068991275,1.142429668438863,1.1228351581848983,0.019594510253964515,0.007791668503823162,0.005865092437618108,0.005865092437618108,False,0.019594510253964515,0.017450923326645974,0.0019144035820426745,4.070023988509696,4.090591393280445e-05,50
91,dp_sgd_lr0p10,dp_sgd,0.1,21,1050,1099,50,fc2,3.5379183459236074,0.02379461613195924,1.1562622822000825,1.1228351581848983,0.03342712401518429,0.006725597881413916,0.009448246326458904,0.009448246326458904,False,0.03342712401518429,0.029770286200505702,0.0018043343552335775,3.7274676175457433,4.0750190871102657e-05,50
91,dp_sgd_lr0p10,dp_sgd,0.1,22,1100,1149,50,fc2,3.6315657698339443,0.02535559763412651,1.1473296515881823,1.1228351581848983,0.024494493403284374,0.0069820014949876314,0.006744884976819352,0.006744884976819352,False,0.024494493403284374,0.0218148614466782,0.0017601486714158366,3.966711225749588,4.0858886989670684e-05,50
91,dp_sgd_lr0p10,dp_sgd,0.1,23,1150,1169,20,fc2,1.497574028615034,0.008261143420678692,0.45622330818179757,0.4491340632739593,0.007089244907838188,0.005516350619620887,0.00473381934540783,0.00473381934540783,False,0.007089244907838188,0.015784251268196867,0.002688670653908974,2.0517018736479073,1.621256810981501e-05,20
