method,step,epoch,layer,log_pearson,log_spearman,log_ratio_spread,A_raw,A_residual,R
dp_sgd,0,1,conv1,0.16031116976225188,0.10653052853627096,1.2994822787261526,1.0280663216037844,1.0280663216037844,1.0
dp_sgd,0,1,conv2,0.7752312324421584,0.836033059109445,1.7337019591265879,2.7188579681276126,2.7188579681276126,1.0
dp_sgd,0,1,fc1,0.717078498470318,0.7633442378490183,6.48437272295118,8.670236175638045,8.670236175638045,1.0
dp_sgd,0,1,fc2,0.7944606759206226,0.7937935791233202,4.169168525002583,9.740898564976705,9.740898564976705,1.0
dp_sgd,100,1,conv1,0.7227941481367136,0.7398277276456111,1.3988293001251635,2.0420604801361044,2.0420604801361044,1.0
dp_sgd,100,1,conv2,0.7709426206110129,0.8898051383507865,1.5297372422564854,2.9033701902492193,2.9033701902492193,1.0
dp_sgd,100,1,fc1,0.6142421793547465,0.729458707836679,9.414477945870818,9.631509770509268,9.631509770509268,1.0
dp_sgd,100,1,fc2,0.6890226960369366,0.8137612038397932,6.595221324760811,11.200128167435665,11.200128167435665,1.0
dp_sgd,200,1,conv1,0.8290209363217008,0.8317707722957928,1.3248532096812737,2.203785997706981,2.203785997706981,1.0
dp_sgd,200,1,conv2,0.8169502404819173,0.8985779102284195,1.4924530374494713,2.9514395922312735,2.9514395922312735,1.0
dp_sgd,200,1,fc1,0.6910935489787325,0.7179544247005689,6.382336506728118,10.060458365391778,10.060458365391778,1.0
dp_sgd,200,1,fc2,0.7439688900044382,0.8010886083958614,5.917932026938056,11.83933458631962,11.83933458631962,1.0
dp_sgd,300,2,conv1,0.8436678475616443,0.8419576936599086,1.2937856716121285,2.360196006248827,2.360196006248827,1.0
dp_sgd,300,2,conv2,0.8312482265411528,0.8946132070722889,1.5334405004434517,3.041070413011168,3.041070413011168,1.0
dp_sgd,300,2,fc1,0.6618921137779604,0.7209342622285679,7.270872666173547,10.300018913431249,10.300018913431249,1.0
dp_sgd,300,2,fc2,0.7477737571059904,0.8035788062797801,7.596887438792536,12.1072675590971,12.1072675590971,1.0
dp_sgd,400,2,conv1,0.8481579822654183,0.8408355795148247,1.2250537467764617,2.4126757359004536,2.4126757359004536,1.0
dp_sgd,400,2,conv2,0.8632140451566013,0.897626438286354,1.4436094422640084,3.094596218222867,3.094596218222867,1.0
dp_sgd,400,2,fc1,0.7004982897406186,0.7283432678876826,6.57562803041699,10.361140131684905,10.361140131684905,1.0
dp_sgd,400,2,fc2,0.7869186303769168,0.8190713519851908,6.381999078185422,12.1273797011293,12.1273797011293,1.0
dp_sgd,500,3,conv1,0.8557842757100814,0.8418610101957108,1.2429656401390705,2.4914752869691856,2.4914752869691856,1.0
dp_sgd,500,3,conv2,0.8668116438817162,0.9014394055429424,1.4768659817065126,3.1809811577418627,3.1809811577418627,1.0
dp_sgd,500,3,fc1,0.6649756496261493,0.7286257346636054,7.070571484302766,10.46589458960392,10.46589458960392,1.0
dp_sgd,500,3,fc2,0.7358101334382617,0.8235615882135057,7.081729513729537,12.215717426041982,12.215717426041982,1.0
dp_sgd,600,3,conv1,0.8670284032662663,0.8533136060002344,1.2702630422718881,2.491307129097933,2.491307129097933,1.0
dp_sgd,600,3,conv2,0.8776736294476303,0.9067888123982564,1.43895225194577,3.1963225952530543,3.1963225952530543,1.0
dp_sgd,600,3,fc1,0.6739463582228543,0.7297451669866432,6.75928381776186,10.52583265944459,10.52583265944459,1.0
dp_sgd,600,3,fc2,0.7415903295576557,0.8205512817713049,6.743655592780192,12.271393987816408,12.271393987816408,1.0
dp_sgd,700,3,conv1,0.8710300852292627,0.8621938356967069,1.2669777638725417,2.5550874586592,2.5550874586592,1.0
dp_sgd,700,3,conv2,0.8816905749827664,0.9111475663229315,1.42618320015342,3.2112294858466806,3.2112294858466806,1.0
dp_sgd,700,3,fc1,0.7088457483493116,0.7328521270522008,5.685377626748642,10.579628711922442,10.579628711922442,1.0
dp_sgd,700,3,fc2,0.7449160163905066,0.8205839558281712,5.559882368484165,12.306547120222266,12.306547120222266,1.0
dp_sgd,800,4,conv1,0.871551209818611,0.8683054025547873,1.2592970426802843,2.575556963388002,2.575556963388002,1.0
dp_sgd,800,4,conv2,0.8793140308529925,0.9133492223170657,1.4395477420280898,3.2746189595180457,3.2746189595180457,1.0
dp_sgd,800,4,fc1,0.6900281759133379,0.7272999676563633,5.775870071727152,10.618829027786255,10.618829027786255,1.0
dp_sgd,800,4,fc2,0.7332326397062423,0.8230816732403994,5.115557866024912,12.355295118315784,12.355295118315784,1.0
dp_sgd,900,4,conv1,0.8708289405871027,0.8641919606234618,1.2432850881576287,2.6272251760235648,2.6272251760235648,1.0
dp_sgd,900,4,conv2,0.8717635437678869,0.9088430142550296,1.4394829002159097,3.210247375329635,3.210247375329635,1.0
dp_sgd,900,4,fc1,0.7190746820161195,0.7233943119942361,5.152053691724491,10.675544796099148,10.675544796099148,1.0
dp_sgd,900,4,fc2,0.7825291117487818,0.8217508143849394,3.562517978853891,11.010957713026702,11.010957713026702,1.0
dp_sgd,1000,5,conv1,0.8668792575913198,0.8574534161490682,1.3518867035003483,2.6935103819582626,2.6935103819582626,1.0
dp_sgd,1000,5,conv2,0.8626534916956023,0.9118447099350253,1.4374655640370693,3.2178326092833096,3.2178326092833096,1.0
dp_sgd,1000,5,fc1,0.7341861462049606,0.7267287025742658,4.909255726027147,10.700911378110838,10.700911378110838,1.0
dp_sgd,1000,5,fc2,0.7946353292698706,0.8288078341468036,3.259933064702677,12.29933650714782,12.29933650714782,1.0
dp_sgd,1100,5,conv1,0.8661268287986525,0.8616430329309739,1.3734875189676523,2.751678928688822,2.751678928688822,1.0
dp_sgd,1100,5,conv2,0.8771800805007338,0.9192259018338683,1.4001085034092033,3.2837292771916773,3.2837292771916773,1.0
dp_sgd,1100,5,fc1,0.6933520406547831,0.7225026756865479,6.203764105122127,10.733426411408075,10.733426411408075,1.0
dp_sgd,1100,5,fc2,0.729682879694634,0.8172769119721035,6.232215000833736,12.409020517343857,12.409020517343857,1.0
